id,excluded_statement,origins,raw_occurrences,status,destination,evidence_and_limit,original_audit_status,disposition,closure_status,current_owner,scope_resolution
D001,Fraction techniques beyond simple use,M01 S01,1,AUTHORED ELEMENTARY TOOLS / PARTIAL SCOPE,M01 S02-S14; M02 reciprocal models,Later early-module tasks cover fraction/algebra/units/compounding/linear systems/inequalities. A formal inverse-proportion unit is not separately assessed.,AUTHORED ELEMENTARY TOOLS / PARTIAL SCOPE,scoped-existing-owner,authored-at-stated-scope,M01 S02-S14; M02 reciprocal models,The recorded evidence limit remains binding; adjacent content does not certify a wider theorem.
D002,Algebraic unknowns,M01 S01,1,AUTHORED ELEMENTARY TOOLS / PARTIAL SCOPE,M01 S02-S14; M02 reciprocal models,Later early-module tasks cover fraction/algebra/units/compounding/linear systems/inequalities. A formal inverse-proportion unit is not separately assessed.,AUTHORED ELEMENTARY TOOLS / PARTIAL SCOPE,scoped-existing-owner,authored-at-stated-scope,M01 S02-S14; M02 reciprocal models,The recorded evidence limit remains binding; adjacent content does not certify a wider theorem.
D003,Function notation,M01 S01,1,AUTHORED IN ELEMENTARY FORM,M02 appropriate function-family session,"Current M02 S01-S23 own functions/domains/composition/inverses, elementary rational/root models and core trig. A formula catalogue is not implied.",AUTHORED IN ELEMENTARY FORM,scoped-existing-owner,authored-at-stated-scope,M02 appropriate function-family session,The recorded evidence limit remains binding; adjacent content does not certify a wider theorem.
D004,Proof by cases,M01 S01,1,AUTHORED,M03 all 36 learner positions,"Logic, quantifiers, proof construction, induction, finite sets, mappings and counting are taught and assessed in current M03.",AUTHORED,scoped-existing-owner,authored-at-stated-scope,M03 all 36 learner positions,The recorded evidence limit remains binding; adjacent content does not certify a wider theorem.
D005,Variable rational expressions,M01 S02,1,AUTHORED IN ELEMENTARY FORM,M02 appropriate function-family session,"Current M02 S01-S23 own functions/domains/composition/inverses, elementary rational/root models and core trig. A formula catalogue is not implied.",AUTHORED IN ELEMENTARY FORM,scoped-existing-owner,authored-at-stated-scope,M02 appropriate function-family session,The recorded evidence limit remains binding; adjacent content does not certify a wider theorem.
D006,Infinite decimals as limits,M01 S02,1,NO DEDICATED DECIMAL-LIMIT ASSESSMENT LOCATED,M09/M12 supply prerequisites; explicit bridge if needed,"Sequence limits and geometric series are authored, but neither ownership alone certifies the excluded infinite-decimal topic.",NO DEDICATED DECIMAL-LIMIT ASSESSMENT LOCATED,explicit-route-exclusion,not-promised-in-shared-route,M09/M12 prerequisites only,No dedicated infinite-decimal theorem is promised; create an explicit bridge if a future task uses it.
D007,Ratios with units reserved for S03,M01 S02,1,AUTHORED ELEMENTARY TOOLS / PARTIAL SCOPE,M01 S02-S14; M02 reciprocal models,Later early-module tasks cover fraction/algebra/units/compounding/linear systems/inequalities. A formal inverse-proportion unit is not separately assessed.,AUTHORED ELEMENTARY TOOLS / PARTIAL SCOPE,scoped-existing-owner,authored-at-stated-scope,M01 S02-S14; M02 reciprocal models,The recorded evidence limit remains binding; adjacent content does not certify a wider theorem.
D008,Probability interpretation reserved for M04,M01 S02,1,AUTHORED FINITE FOUNDATION,M04 S01-S28,Finite atoms/laws/conditioning/independence/expectation/indicators and bounds are assessed; no measure-theoretic or general distribution certification.,AUTHORED FINITE FOUNDATION,scoped-existing-owner,authored-at-stated-scope,M04 S01-S28,The recorded evidence limit remains binding; adjacent content does not certify a wider theorem.
D009,Inverse proportion as a formal topic,M01 S03,1,AUTHORED ELEMENTARY TOOLS / PARTIAL SCOPE,M01 S02-S14; M02 reciprocal models,Later early-module tasks cover fraction/algebra/units/compounding/linear systems/inequalities. A formal inverse-proportion unit is not separately assessed.,AUTHORED ELEMENTARY TOOLS / PARTIAL SCOPE,scoped-existing-owner,authored-at-stated-scope,M01 S02-S14; M02 reciprocal models,The recorded evidence limit remains binding; adjacent content does not certify a wider theorem.
D010,Probability odds,M01 S03,1,AUTHORED,M06 S01-S24,"Current tasks cover direction, base rates, binary/multi-hypothesis Bayes, odds/LRs and conditional-independence-gated sequential updating. Not full Bayesian parameter/decision theory.",AUTHORED,scoped-existing-owner,authored-at-stated-scope,M06 S01-S24,The recorded evidence limit remains binding; adjacent content does not certify a wider theorem.
D011,Dimensional-analysis chains reserved for S06,M01 S03,1,AUTHORED ELEMENTARY TOOLS / PARTIAL SCOPE,M01 S02-S14; M02 reciprocal models,Later early-module tasks cover fraction/algebra/units/compounding/linear systems/inequalities. A formal inverse-proportion unit is not separately assessed.,AUTHORED ELEMENTARY TOOLS / PARTIAL SCOPE,scoped-existing-owner,authored-at-stated-scope,M01 S02-S14; M02 reciprocal models,The recorded evidence limit remains binding; adjacent content does not certify a wider theorem.
D012,Log returns,M01 S03; M01 S05,2,AUTHORED,M02 S12-S16; M07 for market applications,"Positive-base exponentials, legal logs, growth time and log-return additivity are current tasks; financial interest conventions remain M54.",AUTHORED,scoped-existing-owner,authored-at-stated-scope,M02 S12-S16; M07 for market applications,The recorded evidence limit remains binding; adjacent content does not certify a wider theorem.
D013,Sequential compounding reserved for S05,M01 S04,1,AUTHORED ELEMENTARY TOOLS / PARTIAL SCOPE,M01 S02-S14; M02 reciprocal models,Later early-module tasks cover fraction/algebra/units/compounding/linear systems/inequalities. A formal inverse-proportion unit is not separately assessed.,AUTHORED ELEMENTARY TOOLS / PARTIAL SCOPE,scoped-existing-owner,authored-at-stated-scope,M01 S02-S14; M02 reciprocal models,The recorded evidence limit remains binding; adjacent content does not certify a wider theorem.
D014,Annualization,M01 S04,1,PLANNED INHERITED CONTRACT,M54 A01-A12; M65 A16,"Discounting, compounding, finite-state replication/state prices and performance frequency conventions have targets; continuous-time derivatives theory is not certified.",PLANNED INHERITED CONTRACT,scoped-existing-owner,planned-at-stated-scope,M54 A01-A12; M65 A16,The recorded evidence limit remains binding; adjacent content does not certify a wider theorem.
D015,Logarithmic change,M01 S04,1,AUTHORED,M02 S12-S16; M07 for market applications,"Positive-base exponentials, legal logs, growth time and log-return additivity are current tasks; financial interest conventions remain M54.",AUTHORED,scoped-existing-owner,authored-at-stated-scope,M02 S12-S16; M07 for market applications,The recorded evidence limit remains binding; adjacent content does not certify a wider theorem.
D016,Statistical confidence intervals,M01 S04,1,PLANNED INHERITED CONTRACT,M27,"Estimator, standard error and CI targets exist; not loaded in current learner runtime.",PLANNED INHERITED CONTRACT,scoped-existing-owner,planned-at-stated-scope,M27,The recorded evidence limit remains binding; adjacent content does not certify a wider theorem.
D017,Continuous compounding,M01 S05,1,AUTHORED,M02 S12-S16; M07 for market applications,"Positive-base exponentials, legal logs, growth time and log-return additivity are current tasks; financial interest conventions remain M54.",AUTHORED,scoped-existing-owner,authored-at-stated-scope,M02 S12-S16; M07 for market applications,The recorded evidence limit remains binding; adjacent content does not certify a wider theorem.
D018,Interest-rate conventions,M01 S05,1,PLANNED INHERITED CONTRACT,M54 A01-A12; M65 A16,"Discounting, compounding, finite-state replication/state prices and performance frequency conventions have targets; continuous-time derivatives theory is not certified.",PLANNED INHERITED CONTRACT,scoped-existing-owner,planned-at-stated-scope,M54 A01-A12; M65 A16,The recorded evidence limit remains binding; adjacent content does not certify a wider theorem.
D019,Portfolio attribution,M01 S05,1,PLANNED INHERITED CONTRACT,M55 portfolios; M65 A23 Kelly,"M55 owns covariance portfolios/risk attribution. Explicit stylized Kelly derivation is found in M65 A23, not in M05 or automatically in M55.",PLANNED INHERITED CONTRACT,scoped-existing-owner,planned-at-stated-scope,M55 portfolios; M65 A23 Kelly,The recorded evidence limit remains binding; adjacent content does not certify a wider theorem.
D020,Formal dimensional-analysis theorem,M01 S06,1,"EXCLUSION, NOT AUTOMATIC DEFERRAL",No later owned contract located,Keep outside the shared quantitative route unless a stated goal requires it. Undefined ratio-conditionals are not a theorem to learn later; an unspecified protocol does not identify an answer.,"EXCLUSION, NOT AUTOMATIC DEFERRAL",explicit-route-exclusion,not-promised-in-shared-route,No core owner; explicit exclusion,Excluded from the selected shared route. Add a separately taught/assessed goal-specific extension before making a broader coverage claim; this is not an unowned promise of later coverage.
D021,Physical constants,M01 S06,1,"EXCLUSION, NOT AUTOMATIC DEFERRAL",No later owned contract located,Keep outside the shared quantitative route unless a stated goal requires it. Undefined ratio-conditionals are not a theorem to learn later; an unspecified protocol does not identify an answer.,"EXCLUSION, NOT AUTOMATIC DEFERRAL",explicit-route-exclusion,not-promised-in-shared-route,No core owner; explicit exclusion,Excluded from the selected shared route. Add a separately taught/assessed goal-specific extension before making a broader coverage claim; this is not an unowned promise of later coverage.
D022,Stochastic units,M01 S06,1,"EXCLUSION, NOT AUTOMATIC DEFERRAL",No later owned contract located,Keep outside the shared quantitative route unless a stated goal requires it. Undefined ratio-conditionals are not a theorem to learn later; an unspecified protocol does not identify an answer.,"EXCLUSION, NOT AUTOMATIC DEFERRAL",explicit-route-exclusion,not-promised-in-shared-route,No core owner; explicit exclusion,Excluded from the selected shared route. Add a separately taught/assessed goal-specific extension before making a broader coverage claim; this is not an unowned promise of later coverage.
D023,Annualization conventions,M01 S06; M02 S16,2,PLANNED INHERITED CONTRACT,M54 A01-A12; M65 A16,"Discounting, compounding, finite-state replication/state prices and performance frequency conventions have targets; continuous-time derivatives theory is not certified.",PLANNED INHERITED CONTRACT,scoped-existing-owner,planned-at-stated-scope,M54 A01-A12; M65 A16,The recorded evidence limit remains binding; adjacent content does not certify a wider theorem.
D024,Formal numerical analysis,M01 S07,1,AUTHORED PARTIALLY / PLANNED NUMERICS,M09 S25; M12 S08-S09; M23/M57,Bisection and O/o are current bounded lessons; general numerical root-solving/error analysis must be authored later.,AUTHORED PARTIALLY / PLANNED NUMERICS,scoped-existing-owner,authored-at-stated-scope,M09 S25; M12 S08-S09; M23/M57,The recorded evidence limit remains binding; adjacent content does not certify a wider theorem.
D025,Floating-point error,M01 S07,1,AUTHORED BASICS / PLANNED NUMERICS,M08 S02F; M23/M24,Binary floating-point and tolerance-aware checks are current in M08. Numerical stability/conditioning and performance have inherited targets.,AUTHORED BASICS / PLANNED NUMERICS,scoped-existing-owner,authored-at-stated-scope,M08 S02F; M23/M24,The recorded evidence limit remains binding; adjacent content does not certify a wider theorem.
D026,Asymptotic notation beyond intuitive scale,M01 S07,1,AUTHORED PARTIALLY / PLANNED NUMERICS,M09 S25; M12 S08-S09; M23/M57,Bisection and O/o are current bounded lessons; general numerical root-solving/error analysis must be authored later.,AUTHORED PARTIALLY / PLANNED NUMERICS,scoped-existing-owner,authored-at-stated-scope,M09 S25; M12 S08-S09; M23/M57,The recorded evidence limit remains binding; adjacent content does not certify a wider theorem.
D027,Confidence intervals,M01 S07,1,PLANNED INHERITED CONTRACT,M27,"Estimator, standard error and CI targets exist; not loaded in current learner runtime.",PLANNED INHERITED CONTRACT,scoped-existing-owner,planned-at-stated-scope,M27,The recorded evidence limit remains binding; adjacent content does not certify a wider theorem.
D028,General logarithm laws reserved for M02,M01 S08,1,AUTHORED,M02 S12-S16; M07 for market applications,"Positive-base exponentials, legal logs, growth time and log-return additivity are current tasks; financial interest conventions remain M54.",AUTHORED,scoped-existing-owner,authored-at-stated-scope,M02 S12-S16; M07 for market applications,The recorded evidence limit remains binding; adjacent content does not certify a wider theorem.
D029,Complex roots,M01 S08; M01 S16; M02 S09,3,PLANNED BOUNDED BRIDGE / FULL THEORY UNOWNED,M42-B01 complex roots/unit circle,"Semantic ledger assigns a future complex bridge for ARMA. It is not authored and does not certify complex analysis, FTA, De Moivre or all polynomial theory.",PLANNED BOUNDED BRIDGE / FULL THEORY UNOWNED,goal-specific-checklist,planned-not-authored,"M02-E / M03-E, as applicable; M42 complex-root stability bridge remains separate","Optional school/selected-entrance scope. These plans do not certify FTA, complex analysis or the whole school curriculum."
D030,Power series,M01 S08; M02 S18,2,AUTHORED PARTIALLY; scope wider than current repertoire,M12 S10-S17,Current geometric/power/Taylor series are assessed. General convergence-test catalogues and an infinite binomial-series theorem are not thereby certified.,AUTHORED PARTIALLY; scope wider than current repertoire,scoped-existing-owner,authored-at-stated-scope,M12 S10-S17,The recorded evidence limit remains binding; adjacent content does not certify a wider theorem.
D031,Floating-point representation,M01 S08,1,AUTHORED BASICS / PLANNED NUMERICS,M08 S02F; M23/M24,Binary floating-point and tolerance-aware checks are current in M08. Numerical stability/conditioning and performance have inherited targets.,AUTHORED BASICS / PLANNED NUMERICS,scoped-existing-owner,authored-at-stated-scope,M08 S02F; M23/M24,The recorded evidence limit remains binding; adjacent content does not certify a wider theorem.
D032,Function composition reserved for M02,M01 S09,1,AUTHORED IN ELEMENTARY FORM,M02 appropriate function-family session,"Current M02 S01-S23 own functions/domains/composition/inverses, elementary rational/root models and core trig. A formula catalogue is not implied.",AUTHORED IN ELEMENTARY FORM,scoped-existing-owner,authored-at-stated-scope,M02 appropriate function-family session,The recorded evidence limit remains binding; adjacent content does not certify a wider theorem.
D033,Rational-expression domains,M01 S09,1,AUTHORED IN ELEMENTARY FORM,M02 appropriate function-family session,"Current M02 S01-S23 own functions/domains/composition/inverses, elementary rational/root models and core trig. A formula catalogue is not implied.",AUTHORED IN ELEMENTARY FORM,scoped-existing-owner,authored-at-stated-scope,M02 appropriate function-family session,The recorded evidence limit remains binding; adjacent content does not certify a wider theorem.
D034,Formal polynomial theory,M01 S09,1,NO DEDICATED LATER OWNER LOCATED,School/entrance supplement if required,"M01/M02 own factoring, quadratics and legal domains; these narrower assessed capabilities do not certify the excluded general topic.",NO DEDICATED LATER OWNER LOCATED,explicit-route-exclusion,not-promised-in-shared-route,No core owner; explicit exclusion,Excluded from the selected shared route. Add a separately taught/assessed goal-specific extension before making a broader coverage claim; this is not an unowned promise of later coverage.
D035,Calculus,M01 S09; M01 S17; M02 S13; M02 S15; M02 S21; M02 S22; M02 S23; M02 S24,8,AUTHORED ELEMENTARY CALCULUS,M10/M11/M12,"Derivatives/local linearity, integration, Taylor/error contracts are current. Wider calculus topics need their own ownership.",AUTHORED ELEMENTARY CALCULUS,scoped-existing-owner,authored-at-stated-scope,M10/M11/M12,The recorded evidence limit remains binding; adjacent content does not certify a wider theorem.
D036,Polynomial long division,M01 S10,1,NO DEDICATED LATER OWNER LOCATED,School/entrance supplement if required,"M01/M02 own factoring, quadratics and legal domains; these narrower assessed capabilities do not certify the excluded general topic.",NO DEDICATED LATER OWNER LOCATED,goal-specific-checklist,planned-not-authored,"M02-E / M03-E, as applicable; M42 complex-root stability bridge remains separate","Optional school/selected-entrance scope. These plans do not certify FTA, complex analysis or the whole school curriculum."
D037,Remainder theorem,M01 S10,1,NO DEDICATED LATER OWNER LOCATED,School/entrance supplement if required,"M01/M02 own factoring, quadratics and legal domains; these narrower assessed capabilities do not certify the excluded general topic.",NO DEDICATED LATER OWNER LOCATED,goal-specific-checklist,planned-not-authored,"M02-E / M03-E, as applicable; M42 complex-root stability bridge remains separate","Optional school/selected-entrance scope. These plans do not certify FTA, complex analysis or the whole school curriculum."
D038,General cubic formulas,M01 S10,1,NO DEDICATED LATER OWNER LOCATED,School/entrance supplement if required,"M01/M02 own factoring, quadratics and legal domains; these narrower assessed capabilities do not certify the excluded general topic.",NO DEDICATED LATER OWNER LOCATED,explicit-route-exclusion,not-promised-in-shared-route,No core owner; explicit exclusion,Excluded from the selected shared route. Add a separately taught/assessed goal-specific extension before making a broader coverage claim; this is not an unowned promise of later coverage.
D039,Rational-function cancellation,M01 S10,1,AUTHORED IN ELEMENTARY FORM,M02 appropriate function-family session,"Current M02 S01-S23 own functions/domains/composition/inverses, elementary rational/root models and core trig. A formula catalogue is not implied.",AUTHORED IN ELEMENTARY FORM,scoped-existing-owner,authored-at-stated-scope,M02 appropriate function-family session,The recorded evidence limit remains binding; adjacent content does not certify a wider theorem.
D040,Variable-denominator equations,M01 S11,1,NO DEDICATED LATER OWNER LOCATED,School/entrance supplement if required,"M01/M02 own factoring, quadratics and legal domains; these narrower assessed capabilities do not certify the excluded general topic.",NO DEDICATED LATER OWNER LOCATED,explicit-route-exclusion,not-promised-in-shared-route,No core owner; explicit exclusion,Excluded from the selected shared route. Add a separately taught/assessed goal-specific extension before making a broader coverage claim; this is not an unowned promise of later coverage.
D041,Extraneous roots from squaring,M01 S11,1,AUTHORED IN A SIMPLE ROOT-EQUATION CASE,M02 S11,Main solves a simple square-root equation and checks the answer; general extraneous-root theory remains outside that bounded task.,AUTHORED IN A SIMPLE ROOT-EQUATION CASE,scoped-existing-owner,authored-at-stated-scope,M02 S11,The recorded evidence limit remains binding; adjacent content does not certify a wider theorem.
D042,Linear systems reserved for S13,M01 S11,1,AUTHORED ELEMENTARY TOOLS / PARTIAL SCOPE,M01 S02-S14; M02 reciprocal models,Later early-module tasks cover fraction/algebra/units/compounding/linear systems/inequalities. A formal inverse-proportion unit is not separately assessed.,AUTHORED ELEMENTARY TOOLS / PARTIAL SCOPE,scoped-existing-owner,authored-at-stated-scope,M01 S02-S14; M02 reciprocal models,The recorded evidence limit remains binding; adjacent content does not certify a wider theorem.
D043,Inequalities reserved for S14,M01 S11,1,AUTHORED ELEMENTARY TOOLS / PARTIAL SCOPE,M01 S02-S14; M02 reciprocal models,Later early-module tasks cover fraction/algebra/units/compounding/linear systems/inequalities. A formal inverse-proportion unit is not separately assessed.,AUTHORED ELEMENTARY TOOLS / PARTIAL SCOPE,scoped-existing-owner,authored-at-stated-scope,M01 S02-S14; M02 reciprocal models,The recorded evidence limit remains binding; adjacent content does not certify a wider theorem.
D044,General function inversion,M01 S12,1,AUTHORED IN ELEMENTARY FORM,M02 appropriate function-family session,"Current M02 S01-S23 own functions/domains/composition/inverses, elementary rational/root models and core trig. A formula catalogue is not implied.",AUTHORED IN ELEMENTARY FORM,scoped-existing-owner,authored-at-stated-scope,M02 appropriate function-family session,The recorded evidence limit remains binding; adjacent content does not certify a wider theorem.
D045,Implicit functions,M01 S12,1,PLANNED / SCOPE-SPECIFIC,M18/M51-M53; M10 S19 implicit derivative only,Optimization/convexity targets exist; no full implicit/inverse-function existence theorem ownership is established by elementary implicit differentiation.,PLANNED / SCOPE-SPECIFIC,scoped-existing-owner,planned-at-stated-scope,M18/M51-M53; M10 S19 implicit derivative only,The recorded evidence limit remains binding; adjacent content does not certify a wider theorem.
D046,Differential sensitivity,M01 S12,1,AUTHORED ELEMENTARY CALCULUS,M10/M11/M12,"Derivatives/local linearity, integration, Taylor/error contracts are current. Wider calculus topics need their own ownership.",AUTHORED ELEMENTARY CALCULUS,scoped-existing-owner,authored-at-stated-scope,M10/M11/M12,The recorded evidence limit remains binding; adjacent content does not certify a wider theorem.
D047,Matrix equations,M01 S12,1,AUTHORED,M13-M15,"Current vector spaces, systems, rank-nullity, determinants, inverses and least-squares tasks; higher eigen/factorization topics await M16/M17.",AUTHORED,scoped-existing-owner,authored-at-stated-scope,M13-M15,The recorded evidence limit remains binding; adjacent content does not certify a wider theorem.
D048,Matrix rank/determinants,M01 S13,1,AUTHORED,M13-M15,"Current vector spaces, systems, rank-nullity, determinants, inverses and least-squares tasks; higher eigen/factorization topics await M16/M17.",AUTHORED,scoped-existing-owner,authored-at-stated-scope,M13-M15,The recorded evidence limit remains binding; adjacent content does not certify a wider theorem.
D049,Gaussian elimination beyond2×2,M01 S13,1,AUTHORED,M13-M15,"Current vector spaces, systems, rank-nullity, determinants, inverses and least-squares tasks; higher eigen/factorization topics await M16/M17.",AUTHORED,scoped-existing-owner,authored-at-stated-scope,M13-M15,The recorded evidence limit remains binding; adjacent content does not certify a wider theorem.
D050,Least squares,M01 S13; M02 S04,2,AUTHORED DETERMINISTIC GEOMETRY,M15 S11-S16; M36 statistical regression planned,"Projection, full/rank-deficient normal equations and deterministic fitting are assessed in current M15. Statistical inference is deferred separately.",AUTHORED DETERMINISTIC GEOMETRY,scoped-existing-owner,authored-at-stated-scope,M15 S11-S16; M36 statistical regression planned,The recorded evidence limit remains binding; adjacent content does not certify a wider theorem.
D051,Optimization,M01 S13; M02 S05,2,PLANNED / SCOPE-SPECIFIC,M18/M51-M53; M10 S19 implicit derivative only,Optimization/convexity targets exist; no full implicit/inverse-function existence theorem ownership is established by elementary implicit differentiation.,PLANNED / SCOPE-SPECIFIC,scoped-existing-owner,planned-at-stated-scope,M18/M51-M53; M10 S19 implicit derivative only,The recorded evidence limit remains binding; adjacent content does not certify a wider theorem.
D052,Rational sign charts,M01 S14,1,NO DEDICATED LATER OWNER LOCATED,School/entrance supplement if required,"M01/M02 own factoring, quadratics and legal domains; these narrower assessed capabilities do not certify the excluded general topic.",NO DEDICATED LATER OWNER LOCATED,explicit-route-exclusion,not-promised-in-shared-route,No core owner; explicit exclusion,Excluded from the selected shared route. Add a separately taught/assessed goal-specific extension before making a broader coverage claim; this is not an unowned promise of later coverage.
D053,Quadratic inequalities,M01 S14,1,NO DEDICATED LATER OWNER LOCATED,School/entrance supplement if required,"M01/M02 own factoring, quadratics and legal domains; these narrower assessed capabilities do not certify the excluded general topic.",NO DEDICATED LATER OWNER LOCATED,explicit-route-exclusion,not-promised-in-shared-route,No core owner; explicit exclusion,Excluded from the selected shared route. Add a separately taught/assessed goal-specific extension before making a broader coverage claim; this is not an unowned promise of later coverage.
D054,Convexity,M01 S14,1,PLANNED / SCOPE-SPECIFIC,M18/M51-M53; M10 S19 implicit derivative only,Optimization/convexity targets exist; no full implicit/inverse-function existence theorem ownership is established by elementary implicit differentiation.,PLANNED / SCOPE-SPECIFIC,scoped-existing-owner,planned-at-stated-scope,M18/M51-M53; M10 S19 implicit derivative only,The recorded evidence limit remains binding; adjacent content does not certify a wider theorem.
D055,Probability inequalities,M01 S14,1,PLANNED INHERITED CONTRACT,M28 A02-A08,"Typed targets include weak LLN, working CLT, Markov/Chebyshev and Hoeffding-style bounds; formal measure-based convergence theory is excluded.",PLANNED INHERITED CONTRACT,scoped-existing-owner,planned-at-stated-scope,M28 A02-A08,The recorded evidence limit remains binding; adjacent content does not certify a wider theorem.
D056,Vector norms,M01 S15,1,AUTHORED EUCLIDEAN CASE,M13 S13-S16,"Dot-product norm, Cauchy-Schwarz and triangle bounds are assessed; not every abstract norm.",AUTHORED EUCLIDEAN CASE,scoped-existing-owner,authored-at-stated-scope,M13 S13-S16,The recorded evidence limit remains binding; adjacent content does not certify a wider theorem.
D057,Quadratic absolute inequalities,M01 S15,1,NO DEDICATED LATER OWNER LOCATED,School/entrance supplement if required,"M01/M02 own factoring, quadratics and legal domains; these narrower assessed capabilities do not certify the excluded general topic.",NO DEDICATED LATER OWNER LOCATED,explicit-route-exclusion,not-promised-in-shared-route,No core owner; explicit exclusion,Excluded from the selected shared route. Add a separately taught/assessed goal-specific extension before making a broader coverage claim; this is not an unowned promise of later coverage.
D058,Complex modulus,M01 S15,1,PLANNED BOUNDED BRIDGE / FULL THEORY UNOWNED,M42-B01 complex roots/unit circle,"Semantic ledger assigns a future complex bridge for ARMA. It is not authored and does not certify complex analysis, FTA, De Moivre or all polynomial theory.",PLANNED BOUNDED BRIDGE / FULL THEORY UNOWNED,goal-specific-checklist,planned-not-authored,"M02-E / M03-E, as applicable; M42 complex-root stability bridge remains separate","Optional school/selected-entrance scope. These plans do not certify FTA, complex analysis or the whole school curriculum."
D059,Optimization norms,M01 S15,1,PLANNED / SCOPE-SPECIFIC,M18/M51-M53; M10 S19 implicit derivative only,Optimization/convexity targets exist; no full implicit/inverse-function existence theorem ownership is established by elementary implicit differentiation.,PLANNED / SCOPE-SPECIFIC,scoped-existing-owner,planned-at-stated-scope,M18/M51-M53; M10 S19 implicit derivative only,The recorded evidence limit remains binding; adjacent content does not certify a wider theorem.
D060,Quadratic graphs reserved for M02,M01 S16,1,AUTHORED IN ELEMENTARY FORM,M02 appropriate function-family session,"Current M02 S01-S23 own functions/domains/composition/inverses, elementary rational/root models and core trig. A formula catalogue is not implied.",AUTHORED IN ELEMENTARY FORM,scoped-existing-owner,authored-at-stated-scope,M02 appropriate function-family session,The recorded evidence limit remains binding; adjacent content does not certify a wider theorem.
D061,Vieta as a dedicated theory,M01 S16,1,NO DEDICATED LATER OWNER LOCATED,School/entrance supplement if required,"M01/M02 own factoring, quadratics and legal domains; these narrower assessed capabilities do not certify the excluded general topic.",NO DEDICATED LATER OWNER LOCATED,goal-specific-checklist,planned-not-authored,"M02-E / M03-E, as applicable; M42 complex-root stability bridge remains separate","Optional school/selected-entrance scope. These plans do not certify FTA, complex analysis or the whole school curriculum."
D062,Optimization via derivatives,M01 S16,1,PLANNED / SCOPE-SPECIFIC,M18/M51-M53; M10 S19 implicit derivative only,Optimization/convexity targets exist; no full implicit/inverse-function existence theorem ownership is established by elementary implicit differentiation.,PLANNED / SCOPE-SPECIFIC,scoped-existing-owner,planned-at-stated-scope,M18/M51-M53; M10 S19 implicit derivative only,The recorded evidence limit remains binding; adjacent content does not certify a wider theorem.
D063,Probability beyond arithmetic,M01 S17,1,AUTHORED FINITE FOUNDATION,M04 S01-S28,Finite atoms/laws/conditioning/independence/expectation/indicators and bounds are assessed; no measure-theoretic or general distribution certification.,AUTHORED FINITE FOUNDATION,scoped-existing-owner,authored-at-stated-scope,M04 S01-S28,The recorded evidence limit remains binding; adjacent content does not certify a wider theorem.
D064,Functions/graphs,M01 S17,1,AUTHORED IN ELEMENTARY FORM,M02 appropriate function-family session,"Current M02 S01-S23 own functions/domains/composition/inverses, elementary rational/root models and core trig. A formula catalogue is not implied.",AUTHORED IN ELEMENTARY FORM,scoped-existing-owner,authored-at-stated-scope,M02 appropriate function-family session,The recorded evidence limit remains binding; adjacent content does not certify a wider theorem.
D065,Real market claims or strategy performance,M01 S17,1,AUTHORED BASICS / PLANNED ADVANCED,M07 mechanics; M47/M56/M65 research,"M07 has current price/return/order/fill tasks. Advanced microstructure, execution and empirical performance remain inherited/planned.",AUTHORED BASICS / PLANNED ADVANCED,scoped-existing-owner,authored-at-stated-scope,M07 mechanics; M47/M56/M65 research,The recorded evidence limit remains binding; adjacent content does not certify a wider theorem.
D066,formal proof/quantifiers/sets/combinatorics (M03),M02 boundary,1,AUTHORED,M03 all 36 learner positions,"Logic, quantifiers, proof construction, induction, finite sets, mappings and counting are taught and assessed in current M03.",AUTHORED,scoped-existing-owner,authored-at-stated-scope,M03 all 36 learner positions,The recorded evidence limit remains binding; adjacent content does not certify a wider theorem.
D067,limits/convergence/infinite series (M09),M02 boundary,1,MIXED / WRONG SERIES DESTINATION,M09 limits; M12 S10-S14 series,M09 boundary excludes infinite series. M12 S10 assesses partial sums and geometric-series convergence; S11-S14 cover power/Taylor series.,MIXED / WRONG SERIES DESTINATION,corrected-handoff,authored-at-stated-scope,M09 limits; M12-S10–S17 series,M09 excludes series. M12 has geometric/power/Taylor series; broader tests/interchange remain planned M12-A or explicitly outside the core repertoire.
D068,calculus,M02 boundary; M03 boundary,2,AUTHORED ELEMENTARY CALCULUS,M10/M11/M12,"Derivatives/local linearity, integration, Taylor/error contracts are current. Wider calculus topics need their own ownership.",AUTHORED ELEMENTARY CALCULUS,scoped-existing-owner,authored-at-stated-scope,M10/M11/M12,The recorded evidence limit remains binding; adjacent content does not certify a wider theorem.
D069,probability,M02 boundary,1,AUTHORED FINITE FOUNDATION,M04 S01-S28,Finite atoms/laws/conditioning/independence/expectation/indicators and bounds are assessed; no measure-theoretic or general distribution certification.,AUTHORED FINITE FOUNDATION,scoped-existing-owner,authored-at-stated-scope,M04 S01-S28,The recorded evidence limit remains binding; adjacent content does not certify a wider theorem.
D070,complex-number theory beyond later bounded bridges,M02 boundary,1,PLANNED BOUNDED BRIDGE / FULL THEORY UNOWNED,M42-B01 complex roots/unit circle,"Semantic ledger assigns a future complex bridge for ARMA. It is not authored and does not certify complex analysis, FTA, De Moivre or all polynomial theory.",PLANNED BOUNDED BRIDGE / FULL THEORY UNOWNED,goal-specific-checklist,planned-not-authored,"M02-E / M03-E, as applicable; M42 complex-root stability bridge remains separate","Optional school/selected-entrance scope. These plans do not certify FTA, complex analysis or the whole school curriculum."
D071,Formal set-theoretic function definitions reserved for M03,M02 S01,1,AUTHORED,M03 all 36 learner positions,"Logic, quantifiers, proof construction, induction, finite sets, mappings and counting are taught and assessed in current M03.",AUTHORED,scoped-existing-owner,authored-at-stated-scope,M03 all 36 learner positions,The recorded evidence limit remains binding; adjacent content does not certify a wider theorem.
D072,Composition reserved for S07,M02 S01,1,AUTHORED IN ELEMENTARY FORM,M02 appropriate function-family session,"Current M02 S01-S23 own functions/domains/composition/inverses, elementary rational/root models and core trig. A formula catalogue is not implied.",AUTHORED IN ELEMENTARY FORM,scoped-existing-owner,authored-at-stated-scope,M02 appropriate function-family session,The recorded evidence limit remains binding; adjacent content does not certify a wider theorem.
D073,Inverse functions reserved for S08,M02 S01,1,AUTHORED IN ELEMENTARY FORM,M02 appropriate function-family session,"Current M02 S01-S23 own functions/domains/composition/inverses, elementary rational/root models and core trig. A formula catalogue is not implied.",AUTHORED IN ELEMENTARY FORM,scoped-existing-owner,authored-at-stated-scope,M02 appropriate function-family session,The recorded evidence limit remains binding; adjacent content does not certify a wider theorem.
D074,Limits,M02 S01; M02 S12,2,AUTHORED,M09 S01-S27,"Explicit epsilon-N/delta, recurrence convergence, continuity and theorem-hypothesis tasks. Does not include general uniform convergence.",AUTHORED,scoped-existing-owner,authored-at-stated-scope,M09 S01-S27,The recorded evidence limit remains binding; adjacent content does not certify a wider theorem.
D075,Logarithmic domains until S13,M02 S02,1,AUTHORED IN ELEMENTARY FORM,M02 appropriate function-family session,"Current M02 S01-S23 own functions/domains/composition/inverses, elementary rational/root models and core trig. A formula catalogue is not implied.",AUTHORED IN ELEMENTARY FORM,scoped-existing-owner,authored-at-stated-scope,M02 appropriate function-family session,The recorded evidence limit remains binding; adjacent content does not certify a wider theorem.
D076,Formal topology,M02 S02,1,SCOPE EXCLUSION / NO FULL OWNER,M09 EVT use only; optional analysis extension,Closed-bounded interval hypotheses are assessed; general topology/compactness theory is not owned.,SCOPE EXCLUSION / NO FULL OWNER,explicit-route-exclusion,not-promised-in-shared-route,No core owner; explicit exclusion,Excluded from the selected shared route. Add a separately taught/assessed goal-specific extension before making a broader coverage claim; this is not an unowned promise of later coverage.
D077,Limits/asymptotes,M02 S02,1,AUTHORED,M09 S01-S27,"Explicit epsilon-N/delta, recurrence convergence, continuity and theorem-hypothesis tasks. Does not include general uniform convergence.",AUTHORED,scoped-existing-owner,authored-at-stated-scope,M09 S01-S27,The recorded evidence limit remains binding; adjacent content does not certify a wider theorem.
D078,Complex domains,M02 S02,1,PLANNED BOUNDED BRIDGE / FULL THEORY UNOWNED,M42-B01 complex roots/unit circle,"Semantic ledger assigns a future complex bridge for ARMA. It is not authored and does not certify complex analysis, FTA, De Moivre or all polynomial theory.",PLANNED BOUNDED BRIDGE / FULL THEORY UNOWNED,goal-specific-checklist,planned-not-authored,"M02-E / M03-E, as applicable; M42 complex-root stability bridge remains separate","Optional school/selected-entrance scope. These plans do not certify FTA, complex analysis or the whole school curriculum."
D079,Slope as a model parameter until S04,M02 S03,1,AUTHORED IN ELEMENTARY FORM,M02 appropriate function-family session,"Current M02 S01-S23 own functions/domains/composition/inverses, elementary rational/root models and core trig. A formula catalogue is not implied.",AUTHORED IN ELEMENTARY FORM,scoped-existing-owner,authored-at-stated-scope,M02 appropriate function-family session,The recorded evidence limit remains binding; adjacent content does not certify a wider theorem.
D080,Conic sections,M02 S03,1,NO DEDICATED LATER OWNER LOCATED,School/entrance supplement if required,"M01/M02 own factoring, quadratics and legal domains; these narrower assessed capabilities do not certify the excluded general topic.",NO DEDICATED LATER OWNER LOCATED,goal-specific-checklist,planned-not-authored,"M02-E / M03-E, as applicable; M42 complex-root stability bridge remains separate","Optional school/selected-entrance scope. These plans do not certify FTA, complex analysis or the whole school curriculum."
D081,Calculus geometry,M02 S03,1,AUTHORED ELEMENTARY CALCULUS,M10/M11/M12,"Derivatives/local linearity, integration, Taylor/error contracts are current. Wider calculus topics need their own ownership.",AUTHORED ELEMENTARY CALCULUS,scoped-existing-owner,authored-at-stated-scope,M10/M11/M12,The recorded evidence limit remains binding; adjacent content does not certify a wider theorem.
D082,Plotting software,M02 S03,1,AUTHORED FOUNDATIONS / PLANNED EXTENSIONS,M08; M21/M30,Exact finite enumeration and reproducible simulation are current M08; scientific computing is macro-only M21; estimator variance reduction is inherited M30.,AUTHORED FOUNDATIONS / PLANNED EXTENSIONS,scoped-existing-owner,authored-at-stated-scope,M08; M21/M30,The recorded evidence limit remains binding; adjacent content does not certify a wider theorem.
D083,Correlation,M02 S04,1,PLANNED INHERITED CONTRACT,M26/M42/M55,"Covariance/correlation, stochastic time-series and portfolios have typed targets; not current assessed authoring.",PLANNED INHERITED CONTRACT,scoped-existing-owner,planned-at-stated-scope,M26/M42/M55,The recorded evidence limit remains binding; adjacent content does not certify a wider theorem.
D084,Derivative definitions,M02 S04,1,AUTHORED ELEMENTARY CALCULUS,M10/M11/M12,"Derivatives/local linearity, integration, Taylor/error contracts are current. Wider calculus topics need their own ownership.",AUTHORED ELEMENTARY CALCULUS,scoped-existing-owner,authored-at-stated-scope,M10/M11/M12,The recorded evidence limit remains binding; adjacent content does not certify a wider theorem.
D085,Nonlinear interpolation,M02 S04,1,NO DEDICATED LATER OWNER LOCATED,Choose extension or explicit route exclusion,M10 inverse differentiation and M11 substitution/parts do not themselves teach inverse-trig branches or partial fractions; no matching typed later ownership was located.,NO DEDICATED LATER OWNER LOCATED,explicit-route-exclusion,not-promised-in-shared-route,No core owner; explicit exclusion,Excluded from the selected shared route. Add a separately taught/assessed goal-specific extension before making a broader coverage claim; this is not an unowned promise of later coverage.
D086,Continuity as a limit concept,M02 S05,1,AUTHORED,M09 S01-S27,"Explicit epsilon-N/delta, recurrence convergence, continuity and theorem-hypothesis tasks. Does not include general uniform convergence.",AUTHORED,scoped-existing-owner,authored-at-stated-scope,M09 S01-S27,The recorded evidence limit remains binding; adjacent content does not certify a wider theorem.
D087,Splines,M02 S05,1,NO DEDICATED LATER OWNER LOCATED,Choose extension or explicit route exclusion,M10 inverse differentiation and M11 substitution/parts do not themselves teach inverse-trig branches or partial fractions; no matching typed later ownership was located.,NO DEDICATED LATER OWNER LOCATED,explicit-route-exclusion,not-promised-in-shared-route,No core owner; explicit exclusion,Excluded from the selected shared route. Add a separately taught/assessed goal-specific extension before making a broader coverage claim; this is not an unowned promise of later coverage.
D088,Indicator notation,M02 S05,1,AUTHORED FINITE FOUNDATION,M04 S01-S28,Finite atoms/laws/conditioning/independence/expectation/indicators and bounds are assessed; no measure-theoretic or general distribution certification.,AUTHORED FINITE FOUNDATION,scoped-existing-owner,authored-at-stated-scope,M04 S01-S28,The recorded evidence limit remains binding; adjacent content does not certify a wider theorem.
D089,General affine conjugacy,M02 S06,1,"EXCLUSION, NOT AUTOMATIC DEFERRAL",No later owned contract located,Keep outside the shared quantitative route unless a stated goal requires it. Undefined ratio-conditionals are not a theorem to learn later; an unspecified protocol does not identify an answer.,"EXCLUSION, NOT AUTOMATIC DEFERRAL",explicit-route-exclusion,not-promised-in-shared-route,No core owner; explicit exclusion,Excluded from the selected shared route. Add a separately taught/assessed goal-specific extension before making a broader coverage claim; this is not an unowned promise of later coverage.
D090,Derivative-based shape analysis,M02 S06,1,PLANNED INHERITED CONTRACT,M51 first/second-order optimization; optional curve analysis,"M10 teaches derivatives, not a full extrema/curve-analysis unit. M51 has local extremum/second-order targets, still unadapted.",PLANNED INHERITED CONTRACT,scoped-existing-owner,planned-at-stated-scope,M51 first/second-order optimization; optional curve analysis,The recorded evidence limit remains binding; adjacent content does not certify a wider theorem.
D091,Fourier transformations,M02 S06,1,NO DEDICATED LATER OWNER LOCATED,Choose extension or explicit route exclusion,M10 inverse differentiation and M11 substitution/parts do not themselves teach inverse-trig branches or partial fractions; no matching typed later ownership was located.,NO DEDICATED LATER OWNER LOCATED,explicit-route-exclusion,not-promised-in-shared-route,No core owner; explicit exclusion,Excluded from the selected shared route. Add a separately taught/assessed goal-specific extension before making a broader coverage claim; this is not an unowned promise of later coverage.
D092,Data normalization,M02 S06,1,PLANNED INHERITED CONTRACT,M39 preprocessing/validation; M64,Later normalization must preserve train/test and timing discipline; no generic normalization ownership in early graph transformations.,PLANNED INHERITED CONTRACT,scoped-existing-owner,planned-at-stated-scope,M39 preprocessing/validation; M64,The recorded evidence limit remains binding; adjacent content does not certify a wider theorem.
D093,Chain rule,M02 S07,1,AUTHORED ELEMENTARY CALCULUS,M10/M11/M12,"Derivatives/local linearity, integration, Taylor/error contracts are current. Wider calculus topics need their own ownership.",AUTHORED ELEMENTARY CALCULUS,scoped-existing-owner,authored-at-stated-scope,M10/M11/M12,The recorded evidence limit remains binding; adjacent content does not certify a wider theorem.
D094,Category-theoretic composition,M02 S07,1,"EXCLUSION, NOT AUTOMATIC DEFERRAL",No later owned contract located,Keep outside the shared quantitative route unless a stated goal requires it. Undefined ratio-conditionals are not a theorem to learn later; an unspecified protocol does not identify an answer.,"EXCLUSION, NOT AUTOMATIC DEFERRAL",explicit-route-exclusion,not-promised-in-shared-route,No core owner; explicit exclusion,Excluded from the selected shared route. Add a separately taught/assessed goal-specific extension before making a broader coverage claim; this is not an unowned promise of later coverage.
D095,Functional equations,M02 S07,1,"EXCLUSION, NOT AUTOMATIC DEFERRAL",No later owned contract located,Keep outside the shared quantitative route unless a stated goal requires it. Undefined ratio-conditionals are not a theorem to learn later; an unspecified protocol does not identify an answer.,"EXCLUSION, NOT AUTOMATIC DEFERRAL",explicit-route-exclusion,not-promised-in-shared-route,No core owner; explicit exclusion,Excluded from the selected shared route. Add a separately taught/assessed goal-specific extension before making a broader coverage claim; this is not an unowned promise of later coverage.
D096,Iteration beyond simple links,M02 S07,1,PLANNED INHERITED CONTRACT,M20; M42 recurrences/ARMA,ODE/dynamics and time-series targets; not current learner authoring.,PLANNED INHERITED CONTRACT,scoped-existing-owner,planned-at-stated-scope,M20; M42 recurrences/ARMA,The recorded evidence limit remains binding; adjacent content does not certify a wider theorem.
D097,Formal injective/surjective proofs reserved for M03,M02 S08,1,AUTHORED,M03 all 36 learner positions,"Logic, quantifiers, proof construction, induction, finite sets, mappings and counting are taught and assessed in current M03.",AUTHORED,scoped-existing-owner,authored-at-stated-scope,M03 all 36 learner positions,The recorded evidence limit remains binding; adjacent content does not certify a wider theorem.
D098,Inverse trigonometric theory,M02 S08,1,NO DEDICATED LATER OWNER LOCATED,Choose extension or explicit route exclusion,M10 inverse differentiation and M11 substitution/parts do not themselves teach inverse-trig branches or partial fractions; no matching typed later ownership was located.,NO DEDICATED LATER OWNER LOCATED,explicit-route-exclusion,not-promised-in-shared-route,No core owner; explicit exclusion,Excluded from the selected shared route. Add a separately taught/assessed goal-specific extension before making a broader coverage claim; this is not an unowned promise of later coverage.
D099,Implicit inversion,M02 S08,1,EXCLUSION / NO CERTIFIED OWNER LOCATED,Scope decision or targeted bridge needed,No direct later ownership established. An out-of-scope statement alone is not a promise of later coverage.,EXCLUSION / NO CERTIFIED OWNER LOCATED,explicit-route-exclusion,not-promised-in-shared-route,No core owner; explicit exclusion,Excluded from the selected shared route. Add a separately taught/assessed goal-specific extension before making a broader coverage claim; this is not an unowned promise of later coverage.
D100,Jacobian inverse theorem,M02 S08,1,PLANNED / SCOPE-SPECIFIC,M18/M51-M53; M10 S19 implicit derivative only,Optimization/convexity targets exist; no full implicit/inverse-function existence theorem ownership is established by elementary implicit differentiation.,PLANNED / SCOPE-SPECIFIC,scoped-existing-owner,planned-at-stated-scope,M18/M51-M53; M10 S19 implicit derivative only,The recorded evidence limit remains binding; adjacent content does not certify a wider theorem.
D101,Fundamental theorem of algebra,M02 S09,1,PLANNED BOUNDED BRIDGE / FULL THEORY UNOWNED,M42-B01 complex roots/unit circle,"Semantic ledger assigns a future complex bridge for ARMA. It is not authored and does not certify complex analysis, FTA, De Moivre or all polynomial theory.",PLANNED BOUNDED BRIDGE / FULL THEORY UNOWNED,scoped-existing-owner,planned-at-stated-scope,M42-B01 complex roots/unit circle,The recorded evidence limit remains binding; adjacent content does not certify a wider theorem.
D102,Derivative-based turning points,M02 S09,1,PLANNED INHERITED CONTRACT,M51 first/second-order optimization; optional curve analysis,"M10 teaches derivatives, not a full extrema/curve-analysis unit. M51 has local extremum/second-order targets, still unadapted.",PLANNED INHERITED CONTRACT,scoped-existing-owner,planned-at-stated-scope,M51 first/second-order optimization; optional curve analysis,The recorded evidence limit remains binding; adjacent content does not certify a wider theorem.
D103,Polynomial division theory,M02 S09,1,NO DEDICATED LATER OWNER LOCATED,School/entrance supplement if required,"M01/M02 own factoring, quadratics and legal domains; these narrower assessed capabilities do not certify the excluded general topic.",NO DEDICATED LATER OWNER LOCATED,goal-specific-checklist,planned-not-authored,"M02-E / M03-E, as applicable; M42 complex-root stability bridge remains separate","Optional school/selected-entrance scope. These plans do not certify FTA, complex analysis or the whole school curriculum."
D104,Formal limits,M02 S10,1,AUTHORED,M09 S01-S27,"Explicit epsilon-N/delta, recurrence convergence, continuity and theorem-hypothesis tasks. Does not include general uniform convergence.",AUTHORED,scoped-existing-owner,authored-at-stated-scope,M09 S01-S27,The recorded evidence limit remains binding; adjacent content does not certify a wider theorem.
D105,Oblique asymptotes,M02 S10,1,NO DEDICATED LATER OWNER LOCATED,Choose extension or explicit route exclusion,M10 inverse differentiation and M11 substitution/parts do not themselves teach inverse-trig branches or partial fractions; no matching typed later ownership was located.,NO DEDICATED LATER OWNER LOCATED,explicit-route-exclusion,not-promised-in-shared-route,No core owner; explicit exclusion,Excluded from the selected shared route. Add a separately taught/assessed goal-specific extension before making a broader coverage claim; this is not an unowned promise of later coverage.
D106,Partial fractions,M02 S10,1,NO DEDICATED LATER OWNER LOCATED,Choose extension or explicit route exclusion,M10 inverse differentiation and M11 substitution/parts do not themselves teach inverse-trig branches or partial fractions; no matching typed later ownership was located.,NO DEDICATED LATER OWNER LOCATED,explicit-route-exclusion,not-promised-in-shared-route,No core owner; explicit exclusion,Excluded from the selected shared route. Add a separately taught/assessed goal-specific extension before making a broader coverage claim; this is not an unowned promise of later coverage.
D107,Complex poles,M02 S10,1,PLANNED BOUNDED BRIDGE / FULL THEORY UNOWNED,M42-B01 complex roots/unit circle,"Semantic ledger assigns a future complex bridge for ARMA. It is not authored and does not certify complex analysis, FTA, De Moivre or all polynomial theory.",PLANNED BOUNDED BRIDGE / FULL THEORY UNOWNED,goal-specific-checklist,planned-not-authored,"M02-E / M03-E, as applicable; M42 complex-root stability bridge remains separate","Optional school/selected-entrance scope. These plans do not certify FTA, complex analysis or the whole school curriculum."
D108,General real exponent definition,M02 S11,1,NO CONSTRUCTION OWNER LOCATED,M02 S12 assumes standard real exponential properties,M09/M10 support limits and exponential derivatives; a full construction of real exponentiation is not promised by their actual assessments.,NO CONSTRUCTION OWNER LOCATED,explicit-route-exclusion,not-promised-in-shared-route,No core owner; explicit exclusion,Excluded from the selected shared route. Add a separately taught/assessed goal-specific extension before making a broader coverage claim; this is not an unowned promise of later coverage.
D109,Complex branches,M02 S11,1,PLANNED BOUNDED BRIDGE / FULL THEORY UNOWNED,M42-B01 complex roots/unit circle,"Semantic ledger assigns a future complex bridge for ARMA. It is not authored and does not certify complex analysis, FTA, De Moivre or all polynomial theory.",PLANNED BOUNDED BRIDGE / FULL THEORY UNOWNED,goal-specific-checklist,planned-not-authored,"M02-E / M03-E, as applicable; M42 complex-root stability bridge remains separate","Optional school/selected-entrance scope. These plans do not certify FTA, complex analysis or the whole school curriculum."
D110,Calculus of power functions,M02 S11,1,AUTHORED ELEMENTARY CALCULUS,M10/M11/M12,"Derivatives/local linearity, integration, Taylor/error contracts are current. Wider calculus topics need their own ownership.",AUTHORED ELEMENTARY CALCULUS,scoped-existing-owner,authored-at-stated-scope,M10/M11/M12,The recorded evidence limit remains binding; adjacent content does not certify a wider theorem.
D111,Nested radical equations,M02 S11,1,NO DEDICATED LATER OWNER LOCATED,School/entrance supplement if required,"M01/M02 own factoring, quadratics and legal domains; these narrower assessed capabilities do not certify the excluded general topic.",NO DEDICATED LATER OWNER LOCATED,explicit-route-exclusion,not-promised-in-shared-route,No core owner; explicit exclusion,Excluded from the selected shared route. Add a separately taught/assessed goal-specific extension before making a broader coverage claim; this is not an unowned promise of later coverage.
D112,Real-analysis construction of irrational exponents,M02 S12,1,NO CONSTRUCTION OWNER LOCATED,M02 S12 assumes standard real exponential properties,M09/M10 support limits and exponential derivatives; a full construction of real exponentiation is not promised by their actual assessments.,NO CONSTRUCTION OWNER LOCATED,explicit-route-exclusion,not-promised-in-shared-route,No core owner; explicit exclusion,Excluded from the selected shared route. Add a separately taught/assessed goal-specific extension before making a broader coverage claim; this is not an unowned promise of later coverage.
D113,Logarithmic solving until S15,M02 S12,1,AUTHORED IN ELEMENTARY FORM,M02 appropriate function-family session,"Current M02 S01-S23 own functions/domains/composition/inverses, elementary rational/root models and core trig. A formula catalogue is not implied.",AUTHORED IN ELEMENTARY FORM,scoped-existing-owner,authored-at-stated-scope,M02 appropriate function-family session,The recorded evidence limit remains binding; adjacent content does not certify a wider theorem.
D114,Continuous compounding until S16,M02 S12,1,AUTHORED,M02 S12-S16; M07 for market applications,"Positive-base exponentials, legal logs, growth time and log-return additivity are current tasks; financial interest conventions remain M54.",AUTHORED,scoped-existing-owner,authored-at-stated-scope,M02 S12-S16; M07 for market applications,The recorded evidence limit remains binding; adjacent content does not certify a wider theorem.
D115,Differential equations,M02 S12,1,PLANNED INHERITED CONTRACT,M20; M42 recurrences/ARMA,ODE/dynamics and time-series targets; not current learner authoring.,PLANNED INHERITED CONTRACT,scoped-existing-owner,planned-at-stated-scope,M20; M42 recurrences/ARMA,The recorded evidence limit remains binding; adjacent content does not certify a wider theorem.
D116,Log laws until S14,M02 S13,1,AUTHORED IN ELEMENTARY FORM,M02 appropriate function-family session,"Current M02 S01-S23 own functions/domains/composition/inverses, elementary rational/root models and core trig. A formula catalogue is not implied.",AUTHORED IN ELEMENTARY FORM,scoped-existing-owner,authored-at-stated-scope,M02 appropriate function-family session,The recorded evidence limit remains binding; adjacent content does not certify a wider theorem.
D117,Log equations until S15,M02 S13,1,AUTHORED IN ELEMENTARY FORM,M02 appropriate function-family session,"Current M02 S01-S23 own functions/domains/composition/inverses, elementary rational/root models and core trig. A formula catalogue is not implied.",AUTHORED IN ELEMENTARY FORM,scoped-existing-owner,authored-at-stated-scope,M02 appropriate function-family session,The recorded evidence limit remains binding; adjacent content does not certify a wider theorem.
D118,Complex logarithms,M02 S13,1,PLANNED BOUNDED BRIDGE / FULL THEORY UNOWNED,M42-B01 complex roots/unit circle,"Semantic ledger assigns a future complex bridge for ARMA. It is not authored and does not certify complex analysis, FTA, De Moivre or all polynomial theory.",PLANNED BOUNDED BRIDGE / FULL THEORY UNOWNED,goal-specific-checklist,planned-not-authored,"M02-E / M03-E, as applicable; M42 complex-root stability bridge remains separate","Optional school/selected-entrance scope. These plans do not certify FTA, complex analysis or the whole school curriculum."
D119,Complex log branches,M02 S14,1,PLANNED BOUNDED BRIDGE / FULL THEORY UNOWNED,M42-B01 complex roots/unit circle,"Semantic ledger assigns a future complex bridge for ARMA. It is not authored and does not certify complex analysis, FTA, De Moivre or all polynomial theory.",PLANNED BOUNDED BRIDGE / FULL THEORY UNOWNED,goal-specific-checklist,planned-not-authored,"M02-E / M03-E, as applicable; M42 complex-root stability bridge remains separate","Optional school/selected-entrance scope. These plans do not certify FTA, complex analysis or the whole school curriculum."
D120,Differentiation,M02 S14,1,AUTHORED ELEMENTARY CALCULUS,M10/M11/M12,"Derivatives/local linearity, integration, Taylor/error contracts are current. Wider calculus topics need their own ownership.",AUTHORED ELEMENTARY CALCULUS,scoped-existing-owner,authored-at-stated-scope,M10/M11/M12,The recorded evidence limit remains binding; adjacent content does not certify a wider theorem.
D121,Entropy identities,M02 S14,1,PLANNED LIMITED APPLICATION,M63 entropy splits; M64 cross entropy,Application targets exist; no general information-theory identity syllabus is owned.,PLANNED LIMITED APPLICATION,scoped-existing-owner,planned-at-stated-scope,M63 entropy splits; M64 cross entropy,The recorded evidence limit remains binding; adjacent content does not certify a wider theorem.
D122,Likelihood theory,M02 S14,1,PLANNED INHERITED CONTRACT,M33; M35 testing,Likelihood/MLE/identifiability have explicit inherited targets; posterior LRs in M06 are a separate finite evidence capability.,PLANNED INHERITED CONTRACT,scoped-existing-owner,planned-at-stated-scope,M33; M35 testing,The recorded evidence limit remains binding; adjacent content does not certify a wider theorem.
D123,Lambert W,M02 S15,1,NO DEDICATED LATER OWNER LOCATED,Choose extension or explicit route exclusion,M10 inverse differentiation and M11 substitution/parts do not themselves teach inverse-trig branches or partial fractions; no matching typed later ownership was located.,NO DEDICATED LATER OWNER LOCATED,explicit-route-exclusion,not-promised-in-shared-route,No core owner; explicit exclusion,Excluded from the selected shared route. Add a separately taught/assessed goal-specific extension before making a broader coverage claim; this is not an unowned promise of later coverage.
D124,Numerical root-finding,M02 S15,1,AUTHORED PARTIALLY / PLANNED NUMERICS,M09 S25; M12 S08-S09; M23/M57,Bisection and O/o are current bounded lessons; general numerical root-solving/error analysis must be authored later.,AUTHORED PARTIALLY / PLANNED NUMERICS,scoped-existing-owner,authored-at-stated-scope,M09 S25; M12 S08-S09; M23/M57,The recorded evidence limit remains binding; adjacent content does not certify a wider theorem.
D125,Complex solutions,M02 S15,1,PLANNED BOUNDED BRIDGE / FULL THEORY UNOWNED,M42-B01 complex roots/unit circle,"Semantic ledger assigns a future complex bridge for ARMA. It is not authored and does not certify complex analysis, FTA, De Moivre or all polynomial theory.",PLANNED BOUNDED BRIDGE / FULL THEORY UNOWNED,goal-specific-checklist,planned-not-authored,"M02-E / M03-E, as applicable; M42 complex-root stability bridge remains separate","Optional school/selected-entrance scope. These plans do not certify FTA, complex analysis or the whole school curriculum."
D126,Stochastic returns,M02 S16,1,PLANNED INHERITED CONTRACT,M26/M42/M55,"Covariance/correlation, stochastic time-series and portfolios have typed targets; not current assessed authoring.",PLANNED INHERITED CONTRACT,scoped-existing-owner,planned-at-stated-scope,M26/M42/M55,The recorded evidence limit remains binding; adjacent content does not certify a wider theorem.
D127,Portfolio returns,M02 S16,1,PLANNED INHERITED CONTRACT,M55 portfolios; M65 A23 Kelly,"M55 owns covariance portfolios/risk attribution. Explicit stylized Kelly derivation is found in M65 A23, not in M05 or automatically in M55.",PLANNED INHERITED CONTRACT,scoped-existing-owner,planned-at-stated-scope,M55 portfolios; M65 A23 Kelly,The recorded evidence limit remains binding; adjacent content does not certify a wider theorem.
D128,Market microstructure,M02 S16,1,AUTHORED BASICS / PLANNED ADVANCED,M07 mechanics; M47/M56/M65 research,"M07 has current price/return/order/fill tasks. Advanced microstructure, execution and empirical performance remain inherited/planned.",AUTHORED BASICS / PLANNED ADVANCED,scoped-existing-owner,authored-at-stated-scope,M07 mechanics; M47/M56/M65 research,The recorded evidence limit remains binding; adjacent content does not certify a wider theorem.
D129,Sequence convergence reserved for M09,M02 S17,1,AUTHORED,M09 S01-S27,"Explicit epsilon-N/delta, recurrence convergence, continuity and theorem-hypothesis tasks. Does not include general uniform convergence.",AUTHORED,scoped-existing-owner,authored-at-stated-scope,M09 S01-S27,The recorded evidence limit remains binding; adjacent content does not certify a wider theorem.
D130,Infinite sums,M02 S17,1,AUTHORED PARTIALLY; scope wider than current repertoire,M12 S10-S17,Current geometric/power/Taylor series are assessed. General convergence-test catalogues and an infinite binomial-series theorem are not thereby certified.,AUTHORED PARTIALLY; scope wider than current repertoire,scoped-existing-owner,authored-at-stated-scope,M12 S10-S17,The recorded evidence limit remains binding; adjacent content does not certify a wider theorem.
D131,Induction proof reserved M03,M02 S17,1,AUTHORED,M03 all 36 learner positions,"Logic, quantifiers, proof construction, induction, finite sets, mappings and counting are taught and assessed in current M03.",AUTHORED,scoped-existing-owner,authored-at-stated-scope,M03 all 36 learner positions,The recorded evidence limit remains binding; adjacent content does not certify a wider theorem.
D132,Difference equations beyond S20,M02 S17,1,PLANNED INHERITED CONTRACT,M20; M42 recurrences/ARMA,ODE/dynamics and time-series targets; not current learner authoring.,PLANNED INHERITED CONTRACT,scoped-existing-owner,planned-at-stated-scope,M20; M42 recurrences/ARMA,The recorded evidence limit remains binding; adjacent content does not certify a wider theorem.
D133,Infinite geometric series reserved M09,M02 S18,1,MIXED / WRONG SERIES DESTINATION,M09 limits; M12 S10-S14 series,M09 boundary excludes infinite series. M12 S10 assesses partial sums and geometric-series convergence; S11-S14 cover power/Taylor series.,MIXED / WRONG SERIES DESTINATION,corrected-handoff,authored-at-stated-scope,M09 limits; M12-S10–S17 series,M09 excludes series. M12 has geometric/power/Taylor series; broader tests/interchange remain planned M12-A or explicitly outside the core repertoire.
D134,Convergence tests,M02 S18,1,AUTHORED PARTIALLY; scope wider than current repertoire,M12 S10-S17,Current geometric/power/Taylor series are assessed. General convergence-test catalogues and an infinite binomial-series theorem are not thereby certified.,AUTHORED PARTIALLY; scope wider than current repertoire,scoped-existing-owner,authored-at-stated-scope,M12 S10-S17,The recorded evidence limit remains binding; adjacent content does not certify a wider theorem.
D135,Present-value conventions,M02 S18,1,PLANNED INHERITED CONTRACT,M54 A01-A12; M65 A16,"Discounting, compounding, finite-state replication/state prices and performance frequency conventions have targets; continuous-time derivatives theory is not certified.",PLANNED INHERITED CONTRACT,scoped-existing-owner,planned-at-stated-scope,M54 A01-A12; M65 A16,The recorded evidence limit remains binding; adjacent content does not certify a wider theorem.
D136,Infinite series,M02 S19,1,AUTHORED PARTIALLY; scope wider than current repertoire,M12 S10-S17,Current geometric/power/Taylor series are assessed. General convergence-test catalogues and an infinite binomial-series theorem are not thereby certified.,AUTHORED PARTIALLY; scope wider than current repertoire,scoped-existing-owner,authored-at-stated-scope,M12 S10-S17,The recorded evidence limit remains binding; adjacent content does not certify a wider theorem.
D137,Double sums,M02 S19,1,PLANNED INHERITED CONTRACT,M26 A08,Joint PMF marginalization uses double sums; general double/infinite-series theory is separate.,PLANNED INHERITED CONTRACT,scoped-existing-owner,planned-at-stated-scope,M26 A08,The recorded evidence limit remains binding; adjacent content does not certify a wider theorem.
D138,Expectation notation until probability,M02 S19,1,AUTHORED FINITE FOUNDATION,M04 S01-S28,Finite atoms/laws/conditioning/independence/expectation/indicators and bounds are assessed; no measure-theoretic or general distribution certification.,AUTHORED FINITE FOUNDATION,scoped-existing-owner,authored-at-stated-scope,M04 S01-S28,The recorded evidence limit remains binding; adjacent content does not certify a wider theorem.
D139,Asymptotic sums,M02 S19,1,AUTHORED PARTIALLY / PLANNED NUMERICS,M09 S25; M12 S08-S09; M23/M57,Bisection and O/o are current bounded lessons; general numerical root-solving/error analysis must be authored later.,AUTHORED PARTIALLY / PLANNED NUMERICS,scoped-existing-owner,authored-at-stated-scope,M09 S25; M12 S08-S09; M23/M57,The recorded evidence limit remains binding; adjacent content does not certify a wider theorem.
D140,Formal convergence proofs reserved M09,M02 S20,1,AUTHORED,M09 S01-S27,"Explicit epsilon-N/delta, recurrence convergence, continuity and theorem-hypothesis tasks. Does not include general uniform convergence.",AUTHORED,scoped-existing-owner,authored-at-stated-scope,M09 S01-S27,The recorded evidence limit remains binding; adjacent content does not certify a wider theorem.
D141,Stability derivatives,M02 S20,1,PLANNED INHERITED CONTRACT,M20; M42 recurrences/ARMA,ODE/dynamics and time-series targets; not current learner authoring.,PLANNED INHERITED CONTRACT,scoped-existing-owner,planned-at-stated-scope,M20; M42 recurrences/ARMA,The recorded evidence limit remains binding; adjacent content does not certify a wider theorem.
D142,Dynamic programming,M02 S20,1,PLANNED INHERITED CONTRACT,M59/M60,"Finite deterministic DP and stochastic MDP contracts include state sufficiency, Bellman equations and policy/value iteration; not general game existence.",PLANNED INHERITED CONTRACT,scoped-existing-owner,planned-at-stated-scope,M59/M60,The recorded evidence limit remains binding; adjacent content does not certify a wider theorem.
D143,Markov chains,M02 S20,1,PLANNED INHERITED CONTRACT,M49 A01-A10,"Markov property, transition matrices, hitting times and stationarity have inherited arc targets, not current assessed authoring.",PLANNED INHERITED CONTRACT,scoped-existing-owner,planned-at-stated-scope,M49 A01-A10,The recorded evidence limit remains binding; adjacent content does not certify a wider theorem.
D144,Trig identities beyond S22,M02 S21,1,EXCLUSION / LIMITED CORE ONLY,M02 S22 core addition identities; no catalogue owner,Current S22 derives basic sine/cosine addition identities. Product-to-sum and multiple-angle catalogues are not separately owned.,EXCLUSION / LIMITED CORE ONLY,explicit-route-exclusion,not-promised-in-shared-route,No core owner; explicit exclusion,Excluded from the selected shared route. Add a separately taught/assessed goal-specific extension before making a broader coverage claim; this is not an unowned promise of later coverage.
D145,Inverse trig,M02 S21; M02 S22,2,NO DEDICATED LATER OWNER LOCATED,Choose extension or explicit route exclusion,M10 inverse differentiation and M11 substitution/parts do not themselves teach inverse-trig branches or partial fractions; no matching typed later ownership was located.,NO DEDICATED LATER OWNER LOCATED,explicit-route-exclusion,not-promised-in-shared-route,No core owner; explicit exclusion,Excluded from the selected shared route. Add a separately taught/assessed goal-specific extension before making a broader coverage claim; this is not an unowned promise of later coverage.
D146,Complex exponential form,M02 S21,1,PLANNED BOUNDED BRIDGE / FULL THEORY UNOWNED,M42-B01 complex roots/unit circle,"Semantic ledger assigns a future complex bridge for ARMA. It is not authored and does not certify complex analysis, FTA, De Moivre or all polynomial theory.",PLANNED BOUNDED BRIDGE / FULL THEORY UNOWNED,goal-specific-checklist,planned-not-authored,"M02-E / M03-E, as applicable; M42 complex-root stability bridge remains separate","Optional school/selected-entrance scope. These plans do not certify FTA, complex analysis or the whole school curriculum."
D147,Product-to-sum and multiple-angle formula catalogues,M02 S22,1,EXCLUSION / LIMITED CORE ONLY,M02 S22 core addition identities; no catalogue owner,Current S22 derives basic sine/cosine addition identities. Product-to-sum and multiple-angle catalogues are not separately owned.,EXCLUSION / LIMITED CORE ONLY,explicit-route-exclusion,not-promised-in-shared-route,No core owner; explicit exclusion,Excluded from the selected shared route. Add a separately taught/assessed goal-specific extension before making a broader coverage claim; this is not an unowned promise of later coverage.
D148,General inverse-trig solution families,M02 S23,1,NO DEDICATED LATER OWNER LOCATED,Choose extension or explicit route exclusion,M10 inverse differentiation and M11 substitution/parts do not themselves teach inverse-trig branches or partial fractions; no matching typed later ownership was located.,NO DEDICATED LATER OWNER LOCATED,explicit-route-exclusion,not-promised-in-shared-route,No core owner; explicit exclusion,Excluded from the selected shared route. Add a separately taught/assessed goal-specific extension before making a broader coverage claim; this is not an unowned promise of later coverage.
D149,Sum/product identities,M02 S23,1,EXCLUSION / LIMITED CORE ONLY,M02 S22 core addition identities; no catalogue owner,Current S22 derives basic sine/cosine addition identities. Product-to-sum and multiple-angle catalogues are not separately owned.,EXCLUSION / LIMITED CORE ONLY,explicit-route-exclusion,not-promised-in-shared-route,No core owner; explicit exclusion,Excluded from the selected shared route. Add a separately taught/assessed goal-specific extension before making a broader coverage claim; this is not an unowned promise of later coverage.
D150,Fourier series,M02 S23,1,NO DEDICATED LATER OWNER LOCATED,Choose extension or explicit route exclusion,M10 inverse differentiation and M11 substitution/parts do not themselves teach inverse-trig branches or partial fractions; no matching typed later ownership was located.,NO DEDICATED LATER OWNER LOCATED,explicit-route-exclusion,not-promised-in-shared-route,No core owner; explicit exclusion,Excluded from the selected shared route. Add a separately taught/assessed goal-specific extension before making a broader coverage claim; this is not an unowned promise of later coverage.
D151,Proof induction,M02 S24,1,AUTHORED,M03 all 36 learner positions,"Logic, quantifiers, proof construction, induction, finite sets, mappings and counting are taught and assessed in current M03.",AUTHORED,scoped-existing-owner,authored-at-stated-scope,M03 all 36 learner positions,The recorded evidence limit remains binding; adjacent content does not certify a wider theorem.
D152,Limits/convergence,M02 S24,1,AUTHORED,M09 S01-S27,"Explicit epsilon-N/delta, recurrence convergence, continuity and theorem-hypothesis tasks. Does not include general uniform convergence.",AUTHORED,scoped-existing-owner,authored-at-stated-scope,M09 S01-S27,The recorded evidence limit remains binding; adjacent content does not certify a wider theorem.
D153,Probability,M02 S24,1,AUTHORED FINITE FOUNDATION,M04 S01-S28,Finite atoms/laws/conditioning/independence/expectation/indicators and bounds are assessed; no measure-theoretic or general distribution certification.,AUTHORED FINITE FOUNDATION,scoped-existing-owner,authored-at-stated-scope,M04 S01-S28,The recorded evidence limit remains binding; adjacent content does not certify a wider theorem.
D154,probability/conditional probability/independence/expectation (M04),M03 boundary,1,AUTHORED FINITE FOUNDATION,M04 S01-S28,Finite atoms/laws/conditioning/independence/expectation/indicators and bounds are assessed; no measure-theoretic or general distribution certification.,AUTHORED FINITE FOUNDATION,scoped-existing-owner,authored-at-stated-scope,M04 S01-S28,The recorded evidence limit remains binding; adjacent content does not certify a wider theorem.
D155,epsilon-limit/convergence/infinite-series theory (M09),M03 boundary,1,MIXED / WRONG SERIES DESTINATION,M09 limits; M12 S10-S14 series,M09 boundary excludes infinite series. M12 S10 assesses partial sums and geometric-series convergence; S11-S14 cover power/Taylor series.,MIXED / WRONG SERIES DESTINATION,corrected-handoff,authored-at-stated-scope,M09 limits; M12-S10–S17 series,M09 excludes series. M12 has geometric/power/Taylor series; broader tests/interchange remain planned M12-A or explicitly outside the core repertoire.
D156,graph algorithms (M22),M03 boundary,1,PLANNED LIMITED ALGORITHMIC ROUTE,M22,Inherited algorithmic contracts; this is not certification of a comprehensive graph-theory theorem syllabus.,PLANNED LIMITED ALGORITHMIC ROUTE,scoped-existing-owner,planned-at-stated-scope,M22,The recorded evidence limit remains binding; adjacent content does not certify a wider theorem.
D157,group actions/Burnside/generating functions,M03 boundary,1,"EXCLUSION, NOT AUTOMATIC DEFERRAL",No later owned contract located,Keep outside the shared quantitative route unless a stated goal requires it. Undefined ratio-conditionals are not a theorem to learn later; an unspecified protocol does not identify an answer.,"EXCLUSION, NOT AUTOMATIC DEFERRAL",explicit-route-exclusion,not-promised-in-shared-route,No core owner; explicit exclusion,Excluded from the selected shared route. Add a separately taught/assessed goal-specific extension before making a broader coverage claim; this is not an unowned promise of later coverage.
D158,substantial contest number theory/geometry,M03 boundary,1,"EXCLUSION, NOT AUTOMATIC DEFERRAL",No later owned contract located,Keep outside the shared quantitative route unless a stated goal requires it. Undefined ratio-conditionals are not a theorem to learn later; an unspecified protocol does not identify an answer.,"EXCLUSION, NOT AUTOMATIC DEFERRAL",explicit-route-exclusion,not-promised-in-shared-route,No core owner; explicit exclusion,Excluded from the selected shared route. Add a separately taught/assessed goal-specific extension before making a broader coverage claim; this is not an unowned promise of later coverage.
D159,abstract algebra,M03 boundary,1,"EXCLUSION, NOT AUTOMATIC DEFERRAL",No later owned contract located,Keep outside the shared quantitative route unless a stated goal requires it. Undefined ratio-conditionals are not a theorem to learn later; an unspecified protocol does not identify an answer.,"EXCLUSION, NOT AUTOMATIC DEFERRAL",explicit-route-exclusion,not-promised-in-shared-route,No core owner; explicit exclusion,Excluded from the selected shared route. Add a separately taught/assessed goal-specific extension before making a broader coverage claim; this is not an unowned promise of later coverage.
D160,Probability/expectation until M04,M03 S01; M03 S02; M03 S03; M03 S04; M03 S05; M03 S06; M03 S07; M03 S08; M03 S09; M03 S10; M03 S11; M03 S12; M03 S13; M03 S14; M03 S15; M03 S16; M03 S17; M03 S18; M03 S19; M03 S20; M03 S21; M03 S22; M03 S23; M03 S24; M03 S25; M03 S26; M03 S27; M03 S28; M03 S29; M03 S30,30,AUTHORED FINITE FOUNDATION,M04 S01-S28,Finite atoms/laws/conditioning/independence/expectation/indicators and bounds are assessed; no measure-theoretic or general distribution certification.,AUTHORED FINITE FOUNDATION,scoped-existing-owner,authored-at-stated-scope,M04 S01-S28,The recorded evidence limit remains binding; adjacent content does not certify a wider theorem.
D161,Limits/convergence until M09,M03 S01; M03 S02; M03 S03; M03 S04; M03 S05; M03 S06; M03 S07; M03 S08; M03 S09; M03 S10; M03 S11; M03 S12; M03 S13; M03 S14; M03 S15; M03 S16; M03 S17; M03 S18; M03 S19; M03 S20; M03 S21; M03 S22; M03 S23; M03 S24; M03 S25; M03 S26; M03 S27; M03 S28; M03 S29; M03 S30,30,AUTHORED,M09 S01-S27,"Explicit epsilon-N/delta, recurrence convergence, continuity and theorem-hypothesis tasks. Does not include general uniform convergence.",AUTHORED,scoped-existing-owner,authored-at-stated-scope,M09 S01-S27,The recorded evidence limit remains binding; adjacent content does not certify a wider theorem.
D162,epsilon-N or epsilon-delta definitions until M09,M03 S31,1,AUTHORED,M09 S02-S17,Epsilon-N sequence certificates and epsilon-delta function certificates are current public tasks.,AUTHORED,scoped-existing-owner,authored-at-stated-scope,M09 S02-S17,The recorded evidence limit remains binding; adjacent content does not certify a wider theorem.
D163,uniform convergence or advanced analysis terminology,M03 S31,1,NO CURRENT OWNER / THEORY TRACK GAP,Explicit analysis/probability theory bridge needed,M26 explicitly excludes measure-theoretic probability; M28 excludes formal probabilistic convergence; M09 excludes uniform convergence/limit interchange.,NO CURRENT OWNER / THEORY TRACK GAP,named-extension-obligation,planned-not-authored,M09-A → M12-A → M26-P → M28-P,Optional proof-based PG probability branch. Measure/expectation/Radon–Nikodym/convergence proofs must be authored before general process theorems or PG-readiness claims.
D164,choice axioms or infinite selection theorems,M03 S31,1,"EXCLUSION, NOT AUTOMATIC DEFERRAL",No later owned contract located,Keep outside the shared quantitative route unless a stated goal requires it. Undefined ratio-conditionals are not a theorem to learn later; an unspecified protocol does not identify an answer.,"EXCLUSION, NOT AUTOMATIC DEFERRAL",explicit-route-exclusion,not-promised-in-shared-route,No core owner; explicit exclusion,Excluded from the selected shared route. Add a separately taught/assessed goal-specific extension before making a broader coverage claim; this is not an unowned promise of later coverage.
D165,Polynomial-inequality theory not owned by M01,M03 S07,1,NO DEDICATED LATER OWNER LOCATED,School/entrance supplement if required,"M01/M02 own factoring, quadratics and legal domains; these narrower assessed capabilities do not certify the excluded general topic.",NO DEDICATED LATER OWNER LOCATED,explicit-route-exclusion,not-promised-in-shared-route,No core owner; explicit exclusion,Excluded from the selected shared route. Add a separately taught/assessed goal-specific extension before making a broader coverage claim; this is not an unowned promise of later coverage.
D166,linear algebra solvability/rank until M13–M15,M03 S32,1,AUTHORED,M13-M15,"Current vector spaces, systems, rank-nullity, determinants, inverses and least-squares tasks; higher eigen/factorization topics await M16/M17.",AUTHORED,scoped-existing-owner,authored-at-stated-scope,M13-M15,The recorded evidence limit remains binding; adjacent content does not certify a wider theorem.
D167,optimization/minimizer uniqueness,M03 S32,1,PLANNED / SCOPE-SPECIFIC,M18/M51-M53; M10 S19 implicit derivative only,Optimization/convexity targets exist; no full implicit/inverse-function existence theorem ownership is established by elementary implicit differentiation.,PLANNED / SCOPE-SPECIFIC,scoped-existing-owner,planned-at-stated-scope,M18/M51-M53; M10 S19 implicit derivative only,The recorded evidence limit remains binding; adjacent content does not certify a wider theorem.
D168,existence theorems from analysis,M03 S32,1,AUTHORED IN BOUNDED FORM,M09 S12/S25/S26,S12 states real completeness and proves monotone convergence using a supremum; IVT/EVT are used with hypotheses. This is not a construction of the reals or a full compactness proof.,AUTHORED IN BOUNDED FORM,scoped-existing-owner,authored-at-stated-scope,M09 S12/S25/S26,The recorded evidence limit remains binding; adjacent content does not certify a wider theorem.
D169,completeness/infimum theory until analysis,M03 S33,1,AUTHORED IN BOUNDED FORM,M09 S12/S25/S26,S12 states real completeness and proves monotone convergence using a supremum; IVT/EVT are used with hypotheses. This is not a construction of the reals or a full compactness proof.,AUTHORED IN BOUNDED FORM,scoped-existing-owner,authored-at-stated-scope,M09 S12/S25/S26,The recorded evidence limit remains binding; adjacent content does not certify a wider theorem.
D170,general olympiad extremal-method syllabus,M03 S33,1,"EXCLUSION, NOT AUTOMATIC DEFERRAL",No later owned contract located,Keep outside the shared quantitative route unless a stated goal requires it. Undefined ratio-conditionals are not a theorem to learn later; an unspecified protocol does not identify an answer.,"EXCLUSION, NOT AUTOMATIC DEFERRAL",explicit-route-exclusion,not-promised-in-shared-route,No core owner; explicit exclusion,Excluded from the selected shared route. Add a separately taught/assessed goal-specific extension before making a broader coverage claim; this is not an unowned promise of later coverage.
D171,compactness,M03 S33,1,SCOPE EXCLUSION / NO FULL OWNER,M09 EVT use only; optional analysis extension,Closed-bounded interval hypotheses are assessed; general topology/compactness theory is not owned.,SCOPE EXCLUSION / NO FULL OWNER,explicit-route-exclusion,not-promised-in-shared-route,No core owner; explicit exclusion,Excluded from the selected shared route. Add a separately taught/assessed goal-specific extension before making a broader coverage claim; this is not an unowned promise of later coverage.
D172,group actions,M03 S34,1,"EXCLUSION, NOT AUTOMATIC DEFERRAL",No later owned contract located,Keep outside the shared quantitative route unless a stated goal requires it. Undefined ratio-conditionals are not a theorem to learn later; an unspecified protocol does not identify an answer.,"EXCLUSION, NOT AUTOMATIC DEFERRAL",explicit-route-exclusion,not-promised-in-shared-route,No core owner; explicit exclusion,Excluded from the selected shared route. Add a separately taught/assessed goal-specific extension before making a broader coverage claim; this is not an unowned promise of later coverage.
D173,Burnside/Pólya enumeration,M03 S34,1,"EXCLUSION, NOT AUTOMATIC DEFERRAL",No later owned contract located,Keep outside the shared quantitative route unless a stated goal requires it. Undefined ratio-conditionals are not a theorem to learn later; an unspecified protocol does not identify an answer.,"EXCLUSION, NOT AUTOMATIC DEFERRAL",explicit-route-exclusion,not-promised-in-shared-route,No core owner; explicit exclusion,Excluded from the selected shared route. Add a separately taught/assessed goal-specific extension before making a broader coverage claim; this is not an unowned promise of later coverage.
D174,infinite cardinal arithmetic,M03 S34,1,"EXCLUSION, NOT AUTOMATIC DEFERRAL",No later owned contract located,Keep outside the shared quantitative route unless a stated goal requires it. Undefined ratio-conditionals are not a theorem to learn later; an unspecified protocol does not identify an answer.,"EXCLUSION, NOT AUTOMATIC DEFERRAL",explicit-route-exclusion,not-promised-in-shared-route,No core owner; explicit exclusion,Excluded from the selected shared route. Add a separately taught/assessed goal-specific extension before making a broader coverage claim; this is not an unowned promise of later coverage.
D175,Multinomial theorem,M03 S26,1,NO DEDICATED LATER OWNER LOCATED,School/entrance supplement if required,"M01/M02 own factoring, quadratics and legal domains; these narrower assessed capabilities do not certify the excluded general topic.",NO DEDICATED LATER OWNER LOCATED,goal-specific-checklist,planned-not-authored,"M02-E / M03-E, as applicable; M42 complex-root stability bridge remains separate","Optional school/selected-entrance scope. These plans do not certify FTA, complex analysis or the whole school curriculum."
D176,Infinite binomial series,M03 S26,1,AUTHORED PARTIALLY; scope wider than current repertoire,M12 S10-S17,Current geometric/power/Taylor series are assessed. General convergence-test catalogues and an infinite binomial-series theorem are not thereby certified.,AUTHORED PARTIALLY; scope wider than current repertoire,scoped-existing-owner,authored-at-stated-scope,M12 S10-S17,The recorded evidence limit remains binding; adjacent content does not certify a wider theorem.
D177,expectation/probability until M04,M03 S35,1,AUTHORED FINITE FOUNDATION,M04 S01-S28,Finite atoms/laws/conditioning/independence/expectation/indicators and bounds are assessed; no measure-theoretic or general distribution certification.,AUTHORED FINITE FOUNDATION,scoped-existing-owner,authored-at-stated-scope,M04 S01-S28,The recorded evidence limit remains binding; adjacent content does not certify a wider theorem.
D178,generating functions,M03 S35,1,"EXCLUSION, NOT AUTOMATIC DEFERRAL",No later owned contract located,Keep outside the shared quantitative route unless a stated goal requires it. Undefined ratio-conditionals are not a theorem to learn later; an unspecified protocol does not identify an answer.,"EXCLUSION, NOT AUTOMATIC DEFERRAL",explicit-route-exclusion,not-promised-in-shared-route,No core owner; explicit exclusion,Excluded from the selected shared route. Add a separately taught/assessed goal-specific extension before making a broader coverage claim; this is not an unowned promise of later coverage.
D179,graph-theory theorems,M03 S35,1,PLANNED LIMITED ALGORITHMIC ROUTE,M22,Inherited algorithmic contracts; this is not certification of a comprehensive graph-theory theorem syllabus.,PLANNED LIMITED ALGORITHMIC ROUTE,scoped-existing-owner,planned-at-stated-scope,M22,The recorded evidence limit remains binding; adjacent content does not certify a wider theorem.
D180,programming syntax until M08,M03 S36,1,AUTHORED FOUNDATIONS / PLANNED EXTENSIONS,M08; M21/M30,Exact finite enumeration and reproducible simulation are current M08; scientific computing is macro-only M21; estimator variance reduction is inherited M30.,AUTHORED FOUNDATIONS / PLANNED EXTENSIONS,scoped-existing-owner,authored-at-stated-scope,M08; M21/M30,The recorded evidence limit remains binding; adjacent content does not certify a wider theorem.
D181,graph algorithms until M22,M03 S36,1,PLANNED LIMITED ALGORITHMIC ROUTE,M22,Inherited algorithmic contracts; this is not certification of a comprehensive graph-theory theorem syllabus.,PLANNED LIMITED ALGORITHMIC ROUTE,scoped-existing-owner,planned-at-stated-scope,M22,The recorded evidence limit remains binding; adjacent content does not certify a wider theorem.
D182,game-theory strategy,M03 S36,1,AUTHORED IN FINITE FORM,M05 S01-S28,"Explicit finite decision criteria, EMV/utility, constraints, bankroll paths and 2x2 strategic checks; no general equilibrium theorem or real trading efficacy claim.",AUTHORED IN FINITE FORM,scoped-existing-owner,authored-at-stated-scope,M05 S01-S28,The recorded evidence limit remains binding; adjacent content does not certify a wider theorem.
D183,real-analysis convergence,M03 S36,1,AUTHORED,M09 S01-S27,"Explicit epsilon-N/delta, recurrence convergence, continuity and theorem-hypothesis tasks. Does not include general uniform convergence.",AUTHORED,scoped-existing-owner,authored-at-stated-scope,M09 S01-S27,The recorded evidence limit remains binding; adjacent content does not certify a wider theorem.
D184,Graph algorithms until M22,M03 S30,1,PLANNED LIMITED ALGORITHMIC ROUTE,M22,Inherited algorithmic contracts; this is not certification of a comprehensive graph-theory theorem syllabus.,PLANNED LIMITED ALGORITHMIC ROUTE,scoped-existing-owner,planned-at-stated-scope,M22,The recorded evidence limit remains binding; adjacent content does not certify a wider theorem.
D185,Generating functions/Burnside,M03 S30,1,"EXCLUSION, NOT AUTOMATIC DEFERRAL",No later owned contract located,Keep outside the shared quantitative route unless a stated goal requires it. Undefined ratio-conditionals are not a theorem to learn later; an unspecified protocol does not identify an answer.,"EXCLUSION, NOT AUTOMATIC DEFERRAL",explicit-route-exclusion,not-promised-in-shared-route,No core owner; explicit exclusion,Excluded from the selected shared route. Add a separately taught/assessed goal-specific extension before making a broader coverage claim; this is not an unowned promise of later coverage.
D186,Bayes/base-rate inversion/sequential posterior updating (M06),M04 boundary,1,AUTHORED,M06 S01-S24,"Current tasks cover direction, base rates, binary/multi-hypothesis Bayes, odds/LRs and conditional-independence-gated sequential updating. Not full Bayesian parameter/decision theory.",AUTHORED,scoped-existing-owner,authored-at-stated-scope,M06 S01-S24,The recorded evidence limit remains binding; adjacent content does not certify a wider theorem.
D187,fair-price/bankroll/utility/decision strategy (M05),M04 boundary,1,AUTHORED IN FINITE FORM,M05 S01-S28,"Explicit finite decision criteria, EMV/utility, constraints, bankroll paths and 2x2 strategic checks; no general equilibrium theorem or real trading efficacy claim.",AUTHORED IN FINITE FORM,scoped-existing-owner,authored-at-stated-scope,M05 S01-S28,The recorded evidence limit remains binding; adjacent content does not certify a wider theorem.
D188,formal random-variable distributions/variance/covariance/conditional expectation (M26),M04 boundary,1,PLANNED INHERITED CONTRACT,M26 A01-A13; M41 for multivariate geometry,"M26 typed targets include PMF/PDF/CDF, moments, joints, conditional expectation and canonical laws. No current learner-facing pack; general coupling theory is not explicit.",PLANNED INHERITED CONTRACT,scoped-existing-owner,planned-at-stated-scope,M26 A01-A13; M41 for multivariate geometry,The recorded evidence limit remains binding; adjacent content does not certify a wider theorem.
D189,Monte Carlo simulation/coding,M04 boundary,1,AUTHORED FOUNDATIONS / PLANNED EXTENSIONS,M08; M21/M30,Exact finite enumeration and reproducible simulation are current M08; scientific computing is macro-only M21; estimator variance reduction is inherited M30.,AUTHORED FOUNDATIONS / PLANNED EXTENSIONS,scoped-existing-owner,authored-at-stated-scope,M08; M21/M30,The recorded evidence limit remains binding; adjacent content does not certify a wider theorem.
D190,LLN/CLT,M04 boundary,1,PLANNED INHERITED CONTRACT,M28 A02-A08,"Typed targets include weak LLN, working CLT, Markov/Chebyshev and Hoeffding-style bounds; formal measure-based convergence theory is excluded.",PLANNED INHERITED CONTRACT,scoped-existing-owner,planned-at-stated-scope,M28 A02-A08,The recorded evidence limit remains binding; adjacent content does not certify a wider theorem.
D191,measure-theoretic probability,M04 boundary,1,NO CURRENT OWNER / THEORY TRACK GAP,Explicit analysis/probability theory bridge needed,M26 explicitly excludes measure-theoretic probability; M28 excludes formal probabilistic convergence; M09 excludes uniform convergence/limit interchange.,NO CURRENT OWNER / THEORY TRACK GAP,named-extension-obligation,planned-not-authored,M09-A → M12-A → M26-P → M28-P,Optional proof-based PG probability branch. Measure/expectation/Radon–Nikodym/convergence proofs must be authored before general process theorems or PG-readiness claims.
D192,"unbounded stopping times, martingales, optional stopping and infinite-horizon ruin (M49/M50)",M04 boundary,1,PROMISE GAP,M49/M50 named; no matching inherited ownership,"M49 inherited A01-A10 cover Markov chains, hitting times and MCMC; no martingale/optional-stopping arc. M50 covers event processes, not this theorem.",PROMISE GAP,named-extension-obligation,planned-not-authored,M49-S; general results require M26-P/M28-P,Finite barriers/bounded horizons and general unbounded/integrable stopping have distinct gates. DP/MDP parts of composite statements remain M59/M60.
D193,Bayes/posterior inversion until M06,M04 S01; M04 S02; M04 S03; M04 S04; M04 S05; M04 S06; M04 S25; M04 S07; M04 S08; M04 S09; M04 S10; M04 S11; M04 S12; M04 S13; M04 S14; M04 S15; M04 S16; M04 S17; M04 S18; M04 S18; M04 S19; M04 S20; M04 S21; M04 S22; M04 S23,25,AUTHORED,M06 S01-S24,"Current tasks cover direction, base rates, binary/multi-hypothesis Bayes, odds/LRs and conditional-independence-gated sequential updating. Not full Bayesian parameter/decision theory.",AUTHORED,scoped-existing-owner,authored-at-stated-scope,M06 S01-S24,The recorded evidence limit remains binding; adjacent content does not certify a wider theorem.
D194,Formal random-variable distributions/variance/covariance until M26,M04 S01; M04 S02; M04 S03; M04 S04; M04 S05; M04 S06; M04 S07; M04 S08; M04 S09; M04 S10; M04 S11; M04 S12; M04 S13; M04 S14; M04 S15; M04 S16; M04 S17; M04 S18; M04 S19; M04 S20; M04 S21; M04 S22; M04 S23,23,PLANNED INHERITED CONTRACT,M26 A01-A13; M41 for multivariate geometry,"M26 typed targets include PMF/PDF/CDF, moments, joints, conditional expectation and canonical laws. No current learner-facing pack; general coupling theory is not explicit.",PLANNED INHERITED CONTRACT,scoped-existing-owner,planned-at-stated-scope,M26 A01-A13; M41 for multivariate geometry,The recorded evidence limit remains binding; adjacent content does not certify a wider theorem.
D195,Trading decision/fair-price policy until M05,M04 S01; M04 S02; M04 S03; M04 S04; M04 S05; M04 S06; M04 S07; M04 S08; M04 S09; M04 S10; M04 S11; M04 S12; M04 S13; M04 S14; M04 S15; M04 S16; M04 S17; M04 S18; M04 S19; M04 S20; M04 S21; M04 S22; M04 S23,23,AUTHORED IN FINITE FORM,M05 S01-S28,"Explicit finite decision criteria, EMV/utility, constraints, bankroll paths and 2x2 strategic checks; no general equilibrium theorem or real trading efficacy claim.",AUTHORED IN FINITE FORM,scoped-existing-owner,authored-at-stated-scope,M05 S01-S28,The recorded evidence limit remains binding; adjacent content does not certify a wider theorem.
D196,General two-event inclusion-exclusion until S06,M04 S05,1,AUTHORED,M04 S06,Both current tasks require overlap correction and reconstruction.,AUTHORED,scoped-existing-owner,authored-at-stated-scope,M04 S06,The recorded evidence limit remains binding; adjacent content does not certify a wider theorem.
D197,Three-set total-probability partitions until S18,M04 S06,1,AUTHORED FINITE FOUNDATION,M04 S01-S28,Finite atoms/laws/conditioning/independence/expectation/indicators and bounds are assessed; no measure-theoretic or general distribution certification.,AUTHORED FINITE FOUNDATION,scoped-existing-owner,authored-at-stated-scope,M04 S01-S28,The recorded evidence limit remains binding; adjacent content does not certify a wider theorem.
D198,Markov/Chebyshev/Hoeffding inequalities until M28,M04 S25,1,PLANNED INHERITED CONTRACT,M28 A02-A08,"Typed targets include weak LLN, working CLT, Markov/Chebyshev and Hoeffding-style bounds; formal measure-based convergence theory is excluded.",PLANNED INHERITED CONTRACT,scoped-existing-owner,planned-at-stated-scope,M28 A02-A08,The recorded evidence limit remains binding; adjacent content does not certify a wider theorem.
D199,Formal joint distributions/couplings until M26,M04 S25,1,PLANNED INHERITED CONTRACT,M26 A01-A13; M41 for multivariate geometry,"M26 typed targets include PMF/PDF/CDF, moments, joints, conditional expectation and canonical laws. No current learner-facing pack; general coupling theory is not explicit.",PLANNED INHERITED CONTRACT,scoped-existing-owner,planned-at-stated-scope,M26 A01-A13; M41 for multivariate geometry,The recorded evidence limit remains binding; adjacent content does not certify a wider theorem.
D200,Bayes inversion until M06,M04 S07,1,AUTHORED,M06 S01-S24,"Current tasks cover direction, base rates, binary/multi-hypothesis Bayes, odds/LRs and conditional-independence-gated sequential updating. Not full Bayesian parameter/decision theory.",AUTHORED,scoped-existing-owner,authored-at-stated-scope,M06 S01-S24,The recorded evidence limit remains binding; adjacent content does not certify a wider theorem.
D201,Conditional expectation until M26,M04 S07,1,PLANNED INHERITED CONTRACT,M26 A01-A13; M41 for multivariate geometry,"M26 typed targets include PMF/PDF/CDF, moments, joints, conditional expectation and canonical laws. No current learner-facing pack; general coupling theory is not explicit.",PLANNED INHERITED CONTRACT,scoped-existing-owner,planned-at-stated-scope,M26 A01-A13; M41 for multivariate geometry,The recorded evidence limit remains binding; adjacent content does not certify a wider theorem.
D202,Bayes backward inference until M06,M04 S09,1,AUTHORED,M06 S01-S24,"Current tasks cover direction, base rates, binary/multi-hypothesis Bayes, odds/LRs and conditional-independence-gated sequential updating. Not full Bayesian parameter/decision theory.",AUTHORED,scoped-existing-owner,authored-at-stated-scope,M06 S01-S24,The recorded evidence limit remains binding; adjacent content does not certify a wider theorem.
D203,Pairwise-vs-mutual until S14,M04 S11,1,AUTHORED,M04 S14,Current tasks explicitly verify all pair intersections and test the triple condition.,AUTHORED,scoped-existing-owner,authored-at-stated-scope,M04 S14,The recorded evidence limit remains binding; adjacent content does not certify a wider theorem.
D204,General sigma-algebra independence,M04 S14,1,NO CURRENT OWNER / THEORY TRACK GAP,Explicit analysis/probability theory bridge needed,M26 explicitly excludes measure-theoretic probability; M28 excludes formal probabilistic convergence; M09 excludes uniform convergence/limit interchange.,NO CURRENT OWNER / THEORY TRACK GAP,named-extension-obligation,planned-not-authored,M09-A → M12-A → M26-P → M28-P,Optional proof-based PG probability branch. Measure/expectation/Radon–Nikodym/convergence proofs must be authored before general process theorems or PG-readiness claims.
D205,Binomial distribution formalism until M26,M04 S15,1,PLANNED INHERITED CONTRACT,M26 A01-A13; M41 for multivariate geometry,"M26 typed targets include PMF/PDF/CDF, moments, joints, conditional expectation and canonical laws. No current learner-facing pack; general coupling theory is not explicit.",PLANNED INHERITED CONTRACT,scoped-existing-owner,planned-at-stated-scope,M26 A01-A13; M41 for multivariate geometry,The recorded evidence limit remains binding; adjacent content does not certify a wider theorem.
D206,Binomial random variable/distribution until M26,M04 S16,1,PLANNED INHERITED CONTRACT,M26 A01-A13; M41 for multivariate geometry,"M26 typed targets include PMF/PDF/CDF, moments, joints, conditional expectation and canonical laws. No current learner-facing pack; general coupling theory is not explicit.",PLANNED INHERITED CONTRACT,scoped-existing-owner,planned-at-stated-scope,M26 A01-A13; M41 for multivariate geometry,The recorded evidence limit remains binding; adjacent content does not certify a wider theorem.
D207,Markov property/transition matrices until M49,M04 S26,1,PLANNED INHERITED CONTRACT,M49 A01-A10,"Markov property, transition matrices, hitting times and stationarity have inherited arc targets, not current assessed authoring.",PLANNED INHERITED CONTRACT,scoped-existing-owner,planned-at-stated-scope,M49 A01-A10,The recorded evidence limit remains binding; adjacent content does not certify a wider theorem.
D208,Likelihood theory until M33,M04 S26,1,PLANNED INHERITED CONTRACT,M33; M35 testing,Likelihood/MLE/identifiability have explicit inherited targets; posterior LRs in M06 are a separate finite evidence capability.,PLANNED INHERITED CONTRACT,scoped-existing-owner,planned-at-stated-scope,M33; M35 testing,The recorded evidence limit remains binding; adjacent content does not certify a wider theorem.
D209,Policies/MDPs until M60,M04 S26,1,PLANNED INHERITED CONTRACT,M59/M60,"Finite deterministic DP and stochastic MDP contracts include state sufficiency, Bellman equations and policy/value iteration; not general game existence.",PLANNED INHERITED CONTRACT,scoped-existing-owner,planned-at-stated-scope,M59/M60,The recorded evidence limit remains binding; adjacent content does not certify a wider theorem.
D210,Undefined ratio-conditionals on zero-mass histories,M04 S26,1,"EXCLUSION, NOT AUTOMATIC DEFERRAL",No later owned contract located,Keep outside the shared quantitative route unless a stated goal requires it. Undefined ratio-conditionals are not a theorem to learn later; an unspecified protocol does not identify an answer.,"EXCLUSION, NOT AUTOMATIC DEFERRAL",explicit-route-exclusion,not-promised-in-shared-route,No core owner; explicit exclusion,Excluded from the selected shared route. Add a separately taught/assessed goal-specific extension before making a broader coverage claim; this is not an unowned promise of later coverage.
D211,Optional stopping theorem/martingales until M49,M04 S28,1,PROMISE GAP,M49/M50 named; no matching inherited ownership,"M49 inherited A01-A10 cover Markov chains, hitting times and MCMC; no martingale/optional-stopping arc. M50 covers event processes, not this theorem.",PROMISE GAP,named-extension-obligation,planned-not-authored,M49-S; general results require M26-P/M28-P,Finite barriers/bounded horizons and general unbounded/integrable stopping have distinct gates. DP/MDP parts of composite statements remain M59/M60.
D212,Unbounded geometric waiting laws until M50,M04 S28,1,WRONG DESTINATION; planned coverage elsewhere,"M26 A12, not M50",M26 inherited canonical discrete-distribution arc names geometric laws. M50 owns exponential interarrivals and renewal.,WRONG DESTINATION; planned coverage elsewhere,corrected-handoff,planned-at-stated-scope,M26 inherited A12 geometric law,"Discrete waiting-time laws belong to M26, not M50 continuous interarrival processes. Geometric support/convention and p>0 conditions must be taught on authoring."
D213,Infinite-horizon ruin,M04 S28,1,GAP / MIXED PLANNED,M49 hitting-time foundation; explicit ruin contract needed,"M49 inherited A06 defines hitting times and first-step equations, but does not explicitly own general gambler-ruin formulas. DP/MDP components of composite statements belong to M59/M60.",GAP / MIXED PLANNED,named-extension-obligation,planned-not-authored,M49-S; general results require M26-P/M28-P,Finite barriers/bounded horizons and general unbounded/integrable stopping have distinct gates. DP/MDP parts of composite statements remain M59/M60.
D214,Dynamic-programming or policy optimization,M04 S28,1,PLANNED INHERITED CONTRACT,M59/M60,"Finite deterministic DP and stochastic MDP contracts include state sufficiency, Bellman equations and policy/value iteration; not general game existence.",PLANNED INHERITED CONTRACT,scoped-existing-owner,planned-at-stated-scope,M59/M60,The recorded evidence limit remains binding; adjacent content does not certify a wider theorem.
D215,Bayes as a reusable inversion theorem until M06,M04 S27,1,AUTHORED,M06 S01-S24,"Current tasks cover direction, base rates, binary/multi-hypothesis Bayes, odds/LRs and conditional-independence-gated sequential updating. Not full Bayesian parameter/decision theory.",AUTHORED,scoped-existing-owner,authored-at-stated-scope,M06 S01-S24,The recorded evidence limit remains binding; adjacent content does not certify a wider theorem.
D216,Causal identification until M37,M04 S27,1,PLANNED INHERITED CONTRACT,M37,Causal inference typed module; no current learner-facing pack.,PLANNED INHERITED CONTRACT,scoped-existing-owner,planned-at-stated-scope,M37,The recorded evidence limit remains binding; adjacent content does not certify a wider theorem.
D217,Missing-data correction/survivorship methods until M46,M04 S27,1,PLANNED INHERITED CONTRACT,M46,Dirty-financial-data contracts include missingness/survivorship; no current pack.,PLANNED INHERITED CONTRACT,scoped-existing-owner,planned-at-stated-scope,M46,The recorded evidence limit remains binding; adjacent content does not certify a wider theorem.
D218,Unspecified host policies,M04 S27,1,"EXCLUSION, NOT AUTOMATIC DEFERRAL",No later owned contract located,Keep outside the shared quantitative route unless a stated goal requires it. Undefined ratio-conditionals are not a theorem to learn later; an unspecified protocol does not identify an answer.,"EXCLUSION, NOT AUTOMATIC DEFERRAL",explicit-route-exclusion,not-promised-in-shared-route,No core owner; explicit exclusion,Excluded from the selected shared route. Add a separately taught/assessed goal-specific extension before making a broader coverage claim; this is not an unowned promise of later coverage.
D219,Fair-price/decision policy until M05,M04 S19,1,AUTHORED IN FINITE FORM,M05 S01-S28,"Explicit finite decision criteria, EMV/utility, constraints, bankroll paths and 2x2 strategic checks; no general equilibrium theorem or real trading efficacy claim.",AUTHORED IN FINITE FORM,scoped-existing-owner,authored-at-stated-scope,M05 S01-S28,The recorded evidence limit remains binding; adjacent content does not certify a wider theorem.
D220,Formal random-variable distribution language until M26,M04 S19,1,PLANNED INHERITED CONTRACT,M26 A01-A13; M41 for multivariate geometry,"M26 typed targets include PMF/PDF/CDF, moments, joints, conditional expectation and canonical laws. No current learner-facing pack; general coupling theory is not explicit.",PLANNED INHERITED CONTRACT,scoped-existing-owner,planned-at-stated-scope,M26 A01-A13; M41 for multivariate geometry,The recorded evidence limit remains binding; adjacent content does not certify a wider theorem.
D221,Variance/covariance until M26,M04 S21,1,PLANNED INHERITED CONTRACT,M26 A01-A13; M41 for multivariate geometry,"M26 typed targets include PMF/PDF/CDF, moments, joints, conditional expectation and canonical laws. No current learner-facing pack; general coupling theory is not explicit.",PLANNED INHERITED CONTRACT,scoped-existing-owner,planned-at-stated-scope,M26 A01-A13; M41 for multivariate geometry,The recorded evidence limit remains binding; adjacent content does not certify a wider theorem.
D222,Formal random-variable families until M26,M04 S22,1,PLANNED INHERITED CONTRACT,M26 A01-A13; M41 for multivariate geometry,"M26 typed targets include PMF/PDF/CDF, moments, joints, conditional expectation and canonical laws. No current learner-facing pack; general coupling theory is not explicit.",PLANNED INHERITED CONTRACT,scoped-existing-owner,planned-at-stated-scope,M26 A01-A13; M41 for multivariate geometry,The recorded evidence limit remains binding; adjacent content does not certify a wider theorem.
D223,Utility/risk preference/fair-price decisions until M05,M04 S23,1,AUTHORED IN FINITE FORM,M05 S01-S28,"Explicit finite decision criteria, EMV/utility, constraints, bankroll paths and 2x2 strategic checks; no general equilibrium theorem or real trading efficacy claim.",AUTHORED IN FINITE FORM,scoped-existing-owner,authored-at-stated-scope,M05 S01-S28,The recorded evidence limit remains binding; adjacent content does not certify a wider theorem.
D224,Bayes inversion,M04 S24,1,AUTHORED,M06 S01-S24,"Current tasks cover direction, base rates, binary/multi-hypothesis Bayes, odds/LRs and conditional-independence-gated sequential updating. Not full Bayesian parameter/decision theory.",AUTHORED,scoped-existing-owner,authored-at-stated-scope,M06 S01-S24,The recorded evidence limit remains binding; adjacent content does not certify a wider theorem.
D225,Trading decision policy,M04 S24,1,AUTHORED IN FINITE FORM,M05 S01-S28,"Explicit finite decision criteria, EMV/utility, constraints, bankroll paths and 2x2 strategic checks; no general equilibrium theorem or real trading efficacy claim.",AUTHORED IN FINITE FORM,scoped-existing-owner,authored-at-stated-scope,M05 S01-S28,The recorded evidence limit remains binding; adjacent content does not certify a wider theorem.
D226,Formal random-variable distribution machinery,M04 S24,1,PLANNED INHERITED CONTRACT,M26 A01-A13; M41 for multivariate geometry,"M26 typed targets include PMF/PDF/CDF, moments, joints, conditional expectation and canonical laws. No current learner-facing pack; general coupling theory is not explicit.",PLANNED INHERITED CONTRACT,scoped-existing-owner,planned-at-stated-scope,M26 A01-A13; M41 for multivariate geometry,The recorded evidence limit remains binding; adjacent content does not certify a wider theorem.
D227,Bayes/base-rate/likelihood-ratio/posterior updating and value of information (M06),M05 boundary,1,MIXED: Bayes authored; information value missing,M06; decision bridge still needed,M06 S06-S24 assess updating; no EVPI/EVSI or posterior-to-action assessment. M05 repeatedly assigns both to M06.,MIXED: Bayes authored; information value missing,implemented-supplement,authored-candidate-not-independent-accepted,M06-S25–S28; course/t22/authoring/m06-decision-bridge.json,"Finite posterior choices, EVPI, EVSI and cost/timing/protocol assumptions are authored and assessed. General Bayesian decision theory is outside this bridge."
D228,market prices/returns/orders/quotes/fills/trading mechanics (M07),M05 boundary,1,AUTHORED BASICS / PLANNED ADVANCED,M07 mechanics; M47/M56/M65 research,"M07 has current price/return/order/fill tasks. Advanced microstructure, execution and empirical performance remain inherited/planned.",AUTHORED BASICS / PLANNED ADVANCED,scoped-existing-owner,authored-at-stated-scope,M07 mechanics; M47/M56/M65 research,The recorded evidence limit remains binding; adjacent content does not certify a wider theorem.
D229,formal variance/covariance/distribution machinery (later probability/statistics modules),M05 boundary,1,PLANNED INHERITED CONTRACT,M26 A01-A13; M41 for multivariate geometry,"M26 typed targets include PMF/PDF/CDF, moments, joints, conditional expectation and canonical laws. No current learner-facing pack; general coupling theory is not explicit.",PLANNED INHERITED CONTRACT,scoped-existing-owner,planned-at-stated-scope,M26 A01-A13; M41 for multivariate geometry,The recorded evidence limit remains binding; adjacent content does not certify a wider theorem.
D230,Kelly/log-optimal sizing/general optimization/portfolio construction,M05 boundary,1,PLANNED INHERITED CONTRACT,M55 portfolios; M65 A23 Kelly,"M55 owns covariance portfolios/risk attribution. Explicit stylized Kelly derivation is found in M65 A23, not in M05 or automatically in M55.",PLANNED INHERITED CONTRACT,scoped-existing-owner,planned-at-stated-scope,M55 portfolios; M65 A23 Kelly,The recorded evidence limit remains binding; adjacent content does not certify a wider theorem.
D231,dynamic programming/MDPs/infinite-horizon ruin,M05 boundary,1,GAP / MIXED PLANNED,M49 hitting-time foundation; explicit ruin contract needed,"M49 inherited A06 defines hitting times and first-step equations, but does not explicitly own general gambler-ruin formulas. DP/MDP components of composite statements belong to M59/M60.",GAP / MIXED PLANNED,named-extension-obligation,planned-not-authored,M49-S; general results require M26-P/M28-P,Finite barriers/bounded horizons and general unbounded/integrable stopping have distinct gates. DP/MDP parts of composite statements remain M59/M60.
D232,formal expected-utility representation theorem proofs,M05 boundary,1,NO CERTIFIED LATER OWNER,Optional utility theory extension or explicit exclusion,M05 correctly assumes a supplied lottery utility. No later typed owner of a representation-theorem proof was located.,NO CERTIFIED LATER OWNER,named-extension-obligation,planned-not-authored,M09-U finite utility; M53-G game existence,"Finite vNM and arbitrary finite-player/action Nash/minimax get explicit proof gates. Compact-action existence has a separate Kakutani gate. Repeated/Bayesian games, auctions and behavioral/multiattribute utility are not thereby promised."
D233,multiattribute utility/prospect theory/behavioral decision-theory survey,M05 boundary,1,"EXCLUSION, NOT AUTOMATIC DEFERRAL",No later owned contract located,Keep outside the shared quantitative route unless a stated goal requires it. Undefined ratio-conditionals are not a theorem to learn later; an unspecified protocol does not identify an answer.,"EXCLUSION, NOT AUTOMATIC DEFERRAL",explicit-route-exclusion,not-promised-in-shared-route,No core owner; explicit exclusion,Excluded from the selected shared route. Add a separately taught/assessed goal-specific extension before making a broader coverage claim; this is not an unowned promise of later coverage.
D234,"general Nash/minimax existence theorems, repeated/Bayesian games, auctions/mechanism design",M05 boundary,1,NO CERTIFIED LATER OWNER,Optional game/utility theory extension or explicit exclusion,No later typed ownership of general Nash/minimax existence or expected-utility representation proof was located. M05 S22 also says general existence remains later.,NO CERTIFIED LATER OWNER,named-extension-obligation,planned-not-authored,M09-U finite utility; M53-G game existence,"Finite vNM and arbitrary finite-player/action Nash/minimax get explicit proof gates. Compact-action existence has a separate Kakutani gate. Repeated/Bayesian games, auctions and behavioral/multiattribute utility are not thereby promised."
D235,no-arbitrage/replication/derivative pricing,M05 boundary,1,PLANNED INHERITED CONTRACT,M54 A01-A12; M65 A16,"Discounting, compounding, finite-state replication/state prices and performance frequency conventions have targets; continuous-time derivatives theory is not certified.",PLANNED INHERITED CONTRACT,scoped-existing-owner,planned-at-stated-scope,M54 A01-A12; M65 A16,The recorded evidence limit remains binding; adjacent content does not certify a wider theorem.
D236,Bayes/posterior updating/value of information until M06,M05 S01; M05 S02; M05 S03; M05 S04; M05 S05; M05 S06; M05 S07; M05 S08; M05 S09; M05 S10; M05 S11; M05 S12; M05 S13; M05 S14; M05 S15; M05 S16; M05 S17; M05 S18; M05 S19; M05 S20; M05 S21; M05 S22; M05 S23; M05 S24,24,MIXED: Bayes authored; information value missing,M06; decision bridge still needed,M06 S06-S24 assess updating; no EVPI/EVSI or posterior-to-action assessment. M05 repeatedly assigns both to M06.,MIXED: Bayes authored; information value missing,implemented-supplement,authored-candidate-not-independent-accepted,M06-S25–S28; course/t22/authoring/m06-decision-bridge.json,"Finite posterior choices, EVPI, EVSI and cost/timing/protocol assumptions are authored and assessed. General Bayesian decision theory is outside this bridge."
D237,Market prices/returns/orders/fills until M07,M05 S01; M05 S02; M05 S03; M05 S04; M05 S05; M05 S06; M05 S07; M05 S08; M05 S09; M05 S10; M05 S11; M05 S12; M05 S13; M05 S14; M05 S15; M05 S16; M05 S17; M05 S18; M05 S19; M05 S20; M05 S21; M05 S22; M05 S23; M05 S24,24,AUTHORED BASICS / PLANNED ADVANCED,M07 mechanics; M47/M56/M65 research,"M07 has current price/return/order/fill tasks. Advanced microstructure, execution and empirical performance remain inherited/planned.",AUTHORED BASICS / PLANNED ADVANCED,scoped-existing-owner,authored-at-stated-scope,M07 mechanics; M47/M56/M65 research,The recorded evidence limit remains binding; adjacent content does not certify a wider theorem.
D238,Variance/covariance/formal distributions until later modules,M05 S01; M05 S02; M05 S03; M05 S04; M05 S05; M05 S06; M05 S07; M05 S08; M05 S09; M05 S10; M05 S11; M05 S12; M05 S13; M05 S14; M05 S15; M05 S16; M05 S17; M05 S18; M05 S19; M05 S20; M05 S21; M05 S22; M05 S23; M05 S24,24,PLANNED INHERITED CONTRACT,M26 A01-A13; M41 for multivariate geometry,"M26 typed targets include PMF/PDF/CDF, moments, joints, conditional expectation and canonical laws. No current learner-facing pack; general coupling theory is not explicit.",PLANNED INHERITED CONTRACT,scoped-existing-owner,planned-at-stated-scope,M26 A01-A13; M41 for multivariate geometry,The recorded evidence limit remains binding; adjacent content does not certify a wider theorem.
D239,Kelly/general optimal sizing/portfolio optimization,M05 S01; M05 S02; M05 S03; M05 S04; M05 S05; M05 S06; M05 S07; M05 S08; M05 S09; M05 S10; M05 S11; M05 S12; M05 S13; M05 S14; M05 S15; M05 S16; M05 S17; M05 S18; M05 S19; M05 S20; M05 S21; M05 S22; M05 S23; M05 S24,24,PLANNED INHERITED CONTRACT,M55 portfolios; M65 A23 Kelly,"M55 owns covariance portfolios/risk attribution. Explicit stylized Kelly derivation is found in M65 A23, not in M05 or automatically in M55.",PLANNED INHERITED CONTRACT,scoped-existing-owner,planned-at-stated-scope,M55 portfolios; M65 A23 Kelly,The recorded evidence limit remains binding; adjacent content does not certify a wider theorem.
D240,Dynamic programming/MDPs/infinite-horizon ruin,M05 S01; M05 S02; M05 S03; M05 S04; M05 S05; M05 S06; M05 S07; M05 S08; M05 S09; M05 S10; M05 S11; M05 S12; M05 S13; M05 S14; M05 S15; M05 S16; M05 S17; M05 S18; M05 S19; M05 S20; M05 S21; M05 S22; M05 S23; M05 S24,24,GAP / MIXED PLANNED,M49 hitting-time foundation; explicit ruin contract needed,"M49 inherited A06 defines hitting times and first-step equations, but does not explicitly own general gambler-ruin formulas. DP/MDP components of composite statements belong to M59/M60.",GAP / MIXED PLANNED,named-extension-obligation,planned-not-authored,M49-S; general results require M26-P/M28-P,Finite barriers/bounded horizons and general unbounded/integrable stopping have distinct gates. DP/MDP parts of composite statements remain M59/M60.
D241,General equilibrium/minimax existence theorems,M05 S01; M05 S02; M05 S03; M05 S04; M05 S05; M05 S06; M05 S07; M05 S08; M05 S09; M05 S10; M05 S11; M05 S12; M05 S13; M05 S14; M05 S15; M05 S16; M05 S17; M05 S18; M05 S19; M05 S20; M05 S21; M05 S22; M05 S23; M05 S24,24,NO CERTIFIED LATER OWNER,Optional game/utility theory extension or explicit exclusion,No later typed ownership of general Nash/minimax existence or expected-utility representation proof was located. M05 S22 also says general existence remains later.,NO CERTIFIED LATER OWNER,named-extension-obligation,planned-not-authored,M09-U finite utility; M53-G game existence,"Finite vNM and arbitrary finite-player/action Nash/minimax get explicit proof gates. Compact-action existence has a separate Kakutani gate. Repeated/Bayesian games, auctions and behavioral/multiattribute utility are not thereby promised."
D242,No-arbitrage/replication/derivative pricing,M05 S01; M05 S02; M05 S03; M05 S04; M05 S05; M05 S06; M05 S07; M05 S08; M05 S09; M05 S10; M05 S11; M05 S12; M05 S13; M05 S14; M05 S15; M05 S16; M05 S17; M05 S18; M05 S19; M05 S20; M05 S21; M05 S22; M05 S23; M05 S24,24,PLANNED INHERITED CONTRACT,M54 A01-A12; M65 A16,"Discounting, compounding, finite-state replication/state prices and performance frequency conventions have targets; continuous-time derivatives theory is not certified.",PLANNED INHERITED CONTRACT,scoped-existing-owner,planned-at-stated-scope,M54 A01-A12; M65 A16,The recorded evidence limit remains binding; adjacent content does not certify a wider theorem.
D243,Bayes/value of information,M05 S26; M05 S27; M05 S25; M05 S28,4,MIXED: Bayes authored; information value missing,M06; decision bridge still needed,M06 S06-S24 assess updating; no EVPI/EVSI or posterior-to-action assessment. M05 repeatedly assigns both to M06.,MIXED: Bayes authored; information value missing,implemented-supplement,authored-candidate-not-independent-accepted,M06-S25–S28; course/t22/authoring/m06-decision-bridge.json,"Finite posterior choices, EVPI, EVSI and cost/timing/protocol assumptions are authored and assessed. General Bayesian decision theory is outside this bridge."
D244,general optimization/dynamic programming,M05 S26; M05 S27; M05 S25; M05 S28,4,PLANNED INHERITED CONTRACT,M59/M60,"Finite deterministic DP and stochastic MDP contracts include state sufficiency, Bellman equations and policy/value iteration; not general game existence.",PLANNED INHERITED CONTRACT,scoped-existing-owner,planned-at-stated-scope,M59/M60,The recorded evidence limit remains binding; adjacent content does not certify a wider theorem.
D245,general existence or representation theorems,M05 S26; M05 S27; M05 S25; M05 S28,4,NO CERTIFIED LATER OWNER,Optional game/utility theory extension or explicit exclusion,No later typed ownership of general Nash/minimax existence or expected-utility representation proof was located. M05 S22 also says general existence remains later.,NO CERTIFIED LATER OWNER,named-extension-obligation,planned-not-authored,M09-U finite utility; M53-G game existence,"Finite vNM and arbitrary finite-player/action Nash/minimax get explicit proof gates. Compact-action existence has a separate Kakutani gate. Repeated/Bayesian games, auctions and behavioral/multiattribute utility are not thereby promised."
